rel_path,speaker_id,is_dysarthria,gender,session,sr,duration_sec,n_samples,rms_mean,peak
torgo_data/non_dysarthria_female/FC03_Session2_0146.wav,FC03,non_dysarthria,female,Session2,16000,4.21,67360,0.11149149,1.0
torgo_data/non_dysarthria_female/FC02_Session3_0712.wav,FC02,non_dysarthria,female,Session3,16000,1.805,28880,0.041632388,0.77264404
torgo_data/non_dysarthria_female/FC02_Session3_0679.wav,FC02,non_dysarthria,female,Session3,16000,2.16,34560,0.02935176,0.6715088
torgo_data/non_dysarthria_female/FC03_Session2_0320.wav,FC03,non_dysarthria,female,Session2,16000,5.35,85600,0.09625504,1.0
torgo_data/non_dysarthria_female/FC03_Session1_0090.wav,FC03,non_dysarthria,female,Session1,16000,1.89,30240,0.048003178,0.819458
torgo_data/non_dysarthria_female/FC03_Session1_0056.wav,FC03,non_dysarthria,female,Session1,16000,2.615,41840,0.038166184,1.0
torgo_data/non_dysarthria_female/FC03_Session1_0405.wav,FC03,non_dysarthria,female,Session1,16000,1.78,28480,0.08191275,1.0
torgo_data/non_dysarthria_female/FC02_Session3_0341.wav,FC02,non_dysarthria,female,Session3,16000,3.675,58800,0.09781872,1.0
torgo_data/non_dysarthria_female/FC02_Session3_0694.wav,FC02,non_dysarthria,female,Session3,16000,2.035,32560,0.04116749,0.90411377
torgo_data/non_dysarthria_female/FC03_Session3_0001.wav,FC03,non_dysarthria,female,Session3,16000,5.907125,94514,0.054514106,0.5115051
torgo_data/non_dysarthria_female/FC01_Session1_0132.wav,FC01,non_dysarthria,female,Session1,16000,2.985,47760,0.036754098,0.6185303
torgo_data/non_dysarthria_female/FC02_Session3_0094.wav,FC02,non_dysarthria,female,Session3,16000,2.025,32400,0.03186003,0.7750244
torgo_data/non_dysarthria_female/FC03_Session1_0202.wav,FC03,non_dysarthria,female,Session1,16000,0.3150625,5041,0.010780922,0.041931152
torgo_data/non_dysarthria_female/FC02_Session3_0623.wav,FC02,non_dysarthria,female,Session3,16000,5.35,85600,0.09241832,1.0
torgo_data/non_dysarthria_female/FC02_Session3_0189.wav,FC02,non_dysarthria,female,Session3,16000,1.67,26720,0.049405225,0.90060425
torgo_data/non_dysarthria_female/FC02_Session3_0852.wav,FC02,non_dysarthria,female,Session3,16000,1.96,31360,0.04622772,0.7001343
torgo_data/non_dysarthria_female/FC03_Session3_0197.wav,FC03,non_dysarthria,female,Session3,16000,1.29725,20756,0.05117665,0.6152649
torgo_data/non_dysarthria_female/FC02_Session3_0575.wav,FC02,non_dysarthria,female,Session3,16000,1.77,28320,0.046397362,0.68792725
torgo_data/non_dysarthria_female/FC03_Session3_0203.wav,FC03,non_dysarthria,female,Session3,16000,1.778625,28458,0.043996483,0.53396606
torgo_data/non_dysarthria_female/FC03_Session1_0263.wav,FC03,non_dysarthria,female,Session1,16000,1.825,29200,0.05363807,0.7870178
torgo_data/non_dysarthria_female/FC03_Session2_0361.wav,FC03,non_dysarthria,female,Session2,16000,3.445,55120,0.093752794,1.0
torgo_data/non_dysarthria_female/FC02_Session3_0825.wav,FC02,non_dysarthria,female,Session3,16000,2.2,35200,0.03437706,0.92211914
torgo_data/non_dysarthria_female/FC02_Session3_0843.wav,FC02,non_dysarthria,female,Session3,16000,2.445,39120,0.02997133,0.7268677
torgo_data/non_dysarthria_female/FC02_Session3_0555.wav,FC02,non_dysarthria,female,Session3,16000,2.385,38160,0.036057137,1.0
torgo_data/non_dysarthria_female/FC03_Session1_0053.wav,FC03,non_dysarthria,female,Session1,16000,4.405,70480,0.10689525,1.0
torgo_data/non_dysarthria_female/FC02_Session3_0016.wav,FC02,non_dysarthria,female,Session3,16000,2.19,35040,0.04828913,1.0
torgo_data/non_dysarthria_female/FC02_Session3_0436.wav,FC02,non_dysarthria,female,Session3,16000,2.045,32720,0.031485282,0.8946228
torgo_data/non_dysarthria_female/FC03_Session1_0131.wav,FC03,non_dysarthria,female,Session1,16000,2.055,32880,0.06649545,1.0
torgo_data/non_dysarthria_female/FC03_Session1_0061.wav,FC03,non_dysarthria,female,Session1,16000,2.29,36640,0.059312437,1.0
torgo_data/non_dysarthria_female/FC02_Session3_0317.wav,FC02,non_dysarthria,female,Session3,16000,9.555,152880,0.104069315,1.0
torgo_data/non_dysarthria_female/FC02_Session3_0484.wav,FC02,non_dysarthria,female,Session3,16000,6.2400625,99841,0.124992296,1.0
torgo_data/non_dysarthria_female/FC02_Session3_0364.wav,FC02,non_dysarthria,female,Session3,16000,1.8250625,29201,0.0715902,1.0
torgo_data/non_dysarthria_female/FC02_Session3_0630.wav,FC02,non_dysarthria,female,Session3,16000,1.7,27200,0.035545114,0.76898193
torgo_data/non_dysarthria_female/FC02_Session3_0466.wav,FC02,non_dysarthria,female,Session3,16000,2.015,32240,0.04575845,1.0
torgo_data/non_dysarthria_female/FC01_Session1_0134.wav,FC01,non_dysarthria,female,Session1,16000,3.415,54640,0.024824476,0.87576294
torgo_data/non_dysarthria_female/FC03_Session2_0372.wav,FC03,non_dysarthria,female,Session2,16000,2.695,43120,0.07540864,0.92578125
torgo_data/non_dysarthria_female/FC03_Session3_0098.wav,FC03,non_dysarthria,female,Session3,16000,1.738125,27810,0.038950294,0.5050659
torgo_data/non_dysarthria_female/FC03_Session1_0349.wav,FC03,non_dysarthria,female,Session1,16000,1.725,27600,0.043122537,0.6557007
torgo_data/non_dysarthria_female/FC02_Session3_0160.wav,FC02,non_dysarthria,female,Session3,16000,2.05,32800,0.05655938,1.0
torgo_data/non_dysarthria_female/FC02_Session3_0900.wav,FC02,non_dysarthria,female,Session3,16000,2.2,35200,0.0520563,0.9999695
torgo_data/non_dysarthria_female/FC02_Session3_0536.wav,FC02,non_dysarthria,female,Session3,16000,5.195,83120,0.17911029,1.0
torgo_data/non_dysarthria_female/FC01_Session1_0159.wav,FC01,non_dysarthria,female,Session1,16000,3.0200625,48321,0.02364623,0.45965576
torgo_data/non_dysarthria_female/FC03_Session3_0182.wav,FC03,non_dysarthria,female,Session3,16000,3.9156875,62651,0.07437723,0.73254395
torgo_data/non_dysarthria_female/FC02_Session3_0028.wav,FC02,non_dysarthria,female,Session3,16000,2.4050625,38481,0.050040435,1.0
torgo_data/non_dysarthria_female/FC03_Session2_0322.wav,FC03,non_dysarthria,female,Session2,16000,1.86,29760,0.04701169,0.8243103
torgo_data/non_dysarthria_female/FC02_Session3_0138.wav,FC02,non_dysarthria,female,Session3,16000,2.2150625,35441,0.051683605,1.0
torgo_data/non_dysarthria_female/FC02_Session3_0304.wav,FC02,non_dysarthria,female,Session3,16000,1.8200625,29121,0.029837994,0.64056396
torgo_data/non_dysarthria_female/FC02_Session3_0330.wav,FC02,non_dysarthria,female,Session3,16000,2.12,33920,0.032086387,0.76052856
torgo_data/non_dysarthria_female/FC02_Session3_0141.wav,FC02,non_dysarthria,female,Session3,16000,4.69,75040,0.12350822,1.0
torgo_data/non_dysarthria_female/FC02_Session3_0563.wav,FC02,non_dysarthria,female,Session3,16000,1.8250625,29201,0.03622103,0.8630066
torgo_data/non_dysarthria_female/FC03_Session2_0360.wav,FC03,non_dysarthria,female,Session2,16000,1.765,28240,0.0526823,0.53292847
torgo_data/non_dysarthria_female/FC02_Session3_0452.wav,FC02,non_dysarthria,female,Session3,16000,3.31,52960,0.11374312,1.0
torgo_data/non_dysarthria_female/FC03_Session1_0382.wav,FC03,non_dysarthria,female,Session1,16000,2.21,35360,0.039761737,0.85165405
torgo_data/non_dysarthria_female/FC02_Session3_0019.wav,FC02,non_dysarthria,female,Session3,16000,2.685,42960,0.06407489,1.0
torgo_data/non_dysarthria_female/FC02_Session3_0349.wav,FC02,non_dysarthria,female,Session3,16000,3.3700625,53921,0.08499115,0.93252563
torgo_data/non_dysarthria_female/FC03_Session2_0168.wav,FC03,non_dysarthria,female,Session2,16000,5.695,91120,0.12550247,1.0
torgo_data/non_dysarthria_female/FC01_Session1_0029.wav,FC01,non_dysarthria,female,Session1,16000,3.3,52800,0.022199426,0.44210815
torgo_data/non_dysarthria_female/FC03_Session1_0096.wav,FC03,non_dysarthria,female,Session1,16000,1.745,27920,0.07106652,1.0
torgo_data/non_dysarthria_female/FC02_Session3_0022.wav,FC02,non_dysarthria,female,Session3,16000,6.495,103920,0.14690726,1.0
torgo_data/non_dysarthria_female/FC03_Session1_0336.wav,FC03,non_dysarthria,female,Session1,16000,2.37,37920,0.03205298,0.7323303
torgo_data/non_dysarthria_female/FC03_Session3_0031.wav,FC03,non_dysarthria,female,Session3,16000,1.2045625,19273,0.08816707,0.8740845
torgo_data/non_dysarthria_female/FC03_Session1_0271.wav,FC03,non_dysarthria,female,Session1,16000,1.9,30400,0.041926697,0.7456665
torgo_data/non_dysarthria_female/FC03_Session1_0022.wav,FC03,non_dysarthria,female,Session1,16000,5.615,89840,0.26462469,0.69851685
torgo_data/non_dysarthria_female/FC03_Session2_0060.wav,FC03,non_dysarthria,female,Session2,16000,4.545,72720,0.12631623,1.0
torgo_data/non_dysarthria_female/FC03_Session1_0301.wav,FC03,non_dysarthria,female,Session1,16000,3.53,56480,0.104649544,1.0
torgo_data/non_dysarthria_female/FC02_Session3_0469.wav,FC02,non_dysarthria,female,Session3,16000,2.935,46960,0.11592668,1.0
torgo_data/non_dysarthria_female/FC03_Session3_0095.wav,FC03,non_dysarthria,female,Session3,16000,1.2228125,19565,0.062468052,0.72650146
torgo_data/non_dysarthria_female/FC03_Session2_0371.wav,FC03,non_dysarthria,female,Session2,16000,1.76,28160,0.06875567,0.7012634
torgo_data/non_dysarthria_female/FC02_Session3_0713.wav,FC02,non_dysarthria,female,Session3,16000,2.215,35440,0.03678185,0.82876587
torgo_data/non_dysarthria_female/FC03_Session2_0278.wav,FC03,non_dysarthria,female,Session2,16000,1.795,28720,0.03633572,1.0
torgo_data/non_dysarthria_female/FC02_Session3_0305.wav,FC02,non_dysarthria,female,Session3,16000,1.925,30800,0.035782017,1.0
torgo_data/non_dysarthria_female/FC02_Session3_0833.wav,FC02,non_dysarthria,female,Session3,16000,1.795,28720,0.04672701,0.69177246
torgo_data/non_dysarthria_female/FC03_Session2_0388.wav,FC03,non_dysarthria,female,Session2,16000,2.075,33200,0.032524068,0.8895569
torgo_data/non_dysarthria_female/FC03_Session1_0205.wav,FC03,non_dysarthria,female,Session1,16000,5.8850625,94161,0.11298437,1.0
torgo_data/non_dysarthria_female/FC02_Session3_0834.wav,FC02,non_dysarthria,female,Session3,16000,1.855,29680,0.048929613,1.0
torgo_data/non_dysarthria_female/FC02_Session3_0705.wav,FC02,non_dysarthria,female,Session3,16000,2.215,35440,0.025221504,0.71154785
torgo_data/non_dysarthria_female/FC03_Session2_0350.wav,FC03,non_dysarthria,female,Session2,16000,1.395,22320,0.047264293,0.6633911
torgo_data/non_dysarthria_female/FC03_Session2_0151.wav,FC03,non_dysarthria,female,Session2,16000,2.1,33600,0.059083402,0.95651245
torgo_data/non_dysarthria_female/FC03_Session3_0145.wav,FC03,non_dysarthria,female,Session3,16000,1.7190625,27505,0.07543464,0.9250488
torgo_data/non_dysarthria_female/FC02_Session3_0832.wav,FC02,non_dysarthria,female,Session3,16000,1.76,28160,0.05880363,0.7241211
torgo_data/non_dysarthria_female/FC03_Session1_0156.wav,FC03,non_dysarthria,female,Session1,16000,2.435,38960,0.062913075,1.0
torgo_data/non_dysarthria_female/FC03_Session3_0046.wav,FC03,non_dysarthria,female,Session3,16000,1.69575,27132,0.06478816,0.8067322
torgo_data/non_dysarthria_female/FC03_Session2_0290.wav,FC03,non_dysarthria,female,Session2,16000,3.435,54960,0.14143975,1.0
torgo_data/non_dysarthria_female/FC03_Session1_0354.wav,FC03,non_dysarthria,female,Session1,16000,2.305,36880,0.020867601,0.65615845
torgo_data/non_dysarthria_female/FC02_Session3_0170.wav,FC02,non_dysarthria,female,Session3,16000,4.24,67840,0.11417181,1.0
torgo_data/non_dysarthria_female/FC03_Session3_0087.wav,FC03,non_dysarthria,female,Session3,16000,6.9638125,111421,0.10168711,1.0
torgo_data/non_dysarthria_female/FC03_Session1_0380.wav,FC03,non_dysarthria,female,Session1,16000,2.435,38960,0.035679586,0.67822266
torgo_data/non_dysarthria_female/FC02_Session3_0442.wav,FC02,non_dysarthria,female,Session3,16000,2.11,33760,0.07193116,1.0
torgo_data/non_dysarthria_female/FC02_Session3_0470.wav,FC02,non_dysarthria,female,Session3,16000,1.84,29440,0.083149485,1.0
torgo_data/non_dysarthria_female/FC02_Session3_0392.wav,FC02,non_dysarthria,female,Session3,16000,2.075,33200,0.043383528,1.0
torgo_data/non_dysarthria_female/FC02_Session3_0782.wav,FC02,non_dysarthria,female,Session3,16000,0.315,5040,0.011307174,0.044921875
torgo_data/non_dysarthria_female/FC03_Session2_0209.wav,FC03,non_dysarthria,female,Session2,16000,1.57,25120,0.03964896,0.4763794
torgo_data/non_dysarthria_female/FC03_Session2_0029.wav,FC03,non_dysarthria,female,Session2,16000,4.34,69440,0.10280592,1.0
torgo_data/non_dysarthria_female/FC03_Session2_0186.wav,FC03,non_dysarthria,female,Session2,16000,1.515,24240,0.044266343,0.7413635
torgo_data/non_dysarthria_female/FC02_Session3_0859.wav,FC02,non_dysarthria,female,Session3,16000,2.01,32160,0.042840213,0.72317505
torgo_data/non_dysarthria_female/FC03_Session1_0373.wav,FC03,non_dysarthria,female,Session1,16000,7.36,117760,0.09844097,1.0
torgo_data/non_dysarthria_female/FC03_Session2_0047.wav,FC03,non_dysarthria,female,Session2,16000,1.695,27120,0.06308752,0.8354187
torgo_data/non_dysarthria_female/FC02_Session3_0490.wav,FC02,non_dysarthria,female,Session3,16000,1.745,27920,0.045684654,0.62997437
torgo_data/non_dysarthria_female/FC03_Session3_0115.wav,FC03,non_dysarthria,female,Session3,16000,1.170375,18726,0.047268,0.74664307
torgo_data/non_dysarthria_female/FC02_Session3_0276.wav,FC02,non_dysarthria,female,Session3,16000,2.145,34320,0.06506242,1.0
torgo_data/non_dysarthria_female/FC01_Session1_0123.wav,FC01,non_dysarthria,female,Session1,16000,6.5950625,105521,0.108953334,0.5176697
torgo_data/non_dysarthria_female/FC02_Session3_0855.wav,FC02,non_dysarthria,female,Session3,16000,3.3450625,53521,0.08788312,0.7536011
torgo_data/non_dysarthria_female/FC02_Session3_0653.wav,FC02,non_dysarthria,female,Session3,16000,1.975,31600,0.038423065,1.0
torgo_data/non_dysarthria_female/FC03_Session3_0029.wav,FC03,non_dysarthria,female,Session3,16000,1.3088125,20941,0.058752246,1.0
torgo_data/non_dysarthria_female/FC02_Session3_0702.wav,FC02,non_dysarthria,female,Session3,16000,2.025,32400,0.026503943,0.57385254
torgo_data/non_dysarthria_female/FC02_Session3_0105.wav,FC02,non_dysarthria,female,Session3,16000,2.545,40720,0.06772899,1.0
torgo_data/non_dysarthria_female/FC02_Session3_0257.wav,FC02,non_dysarthria,female,Session3,16000,3.685,58960,0.1151603,1.0
torgo_data/non_dysarthria_female/FC01_Session1_0116.wav,FC01,non_dysarthria,female,Session1,16000,2.93,46880,0.027438967,0.32202148
torgo_data/non_dysarthria_female/FC02_Session3_0820.wav,FC02,non_dysarthria,female,Session3,16000,1.84,29440,0.052876122,1.0
torgo_data/non_dysarthria_female/FC02_Session3_0627.wav,FC02,non_dysarthria,female,Session3,16000,1.765,28240,0.04440808,0.78097534
torgo_data/non_dysarthria_female/FC03_Session1_0280.wav,FC03,non_dysarthria,female,Session1,16000,1.815,29040,0.02759012,0.51605225
torgo_data/non_dysarthria_female/FC02_Session3_0034.wav,FC02,non_dysarthria,female,Session3,16000,3.625,58000,0.010738676,0.048919678
torgo_data/non_dysarthria_female/FC02_Session3_0751.wav,FC02,non_dysarthria,female,Session3,16000,2.055,32880,0.039273914,0.6286926
torgo_data/non_dysarthria_female/FC02_Session3_0620.wav,FC02,non_dysarthria,female,Session3,16000,4.385,70160,0.11210998,1.0
torgo_data/non_dysarthria_female/FC03_Session1_0193.wav,FC03,non_dysarthria,female,Session1,16000,2.285,36560,0.035997424,0.683197
torgo_data/non_dysarthria_female/FC03_Session2_0205.wav,FC03,non_dysarthria,female,Session2,16000,3.245,51920,0.13296522,1.0
torgo_data/non_dysarthria_female/FC02_Session3_0205.wav,FC02,non_dysarthria,female,Session3,16000,2.445,39120,0.04969768,1.0
torgo_data/non_dysarthria_female/FC02_Session3_0293.wav,FC02,non_dysarthria,female,Session3,16000,2.155,34480,0.03453382,1.0
torgo_data/non_dysarthria_female/FC03_Session1_0337.wav,FC03,non_dysarthria,female,Session1,16000,2.0550625,32881,0.032399338,0.93725586
torgo_data/non_dysarthria_female/FC03_Session2_0319.wav,FC03,non_dysarthria,female,Session2,16000,2.19,35040,0.051268548,0.9616394
torgo_data/non_dysarthria_female/FC02_Session3_0153.wav,FC02,non_dysarthria,female,Session3,16000,8.255,132080,0.13674729,1.0
torgo_data/non_dysarthria_female/FC02_Session3_0439.wav,FC02,non_dysarthria,female,Session3,16000,3.355,53680,0.10994558,1.0
torgo_data/non_dysarthria_female/FC02_Session3_0760.wav,FC02,non_dysarthria,female,Session3,16000,2.105,33680,0.032672167,0.6958618
torgo_data/non_dysarthria_female/FC02_Session3_0051.wav,FC02,non_dysarthria,female,Session3,16000,4.08,65280,0.12362221,1.0
torgo_data/non_dysarthria_female/FC01_Session1_0047.wav,FC01,non_dysarthria,female,Session1,16000,5.3050625,84881,0.062600926,0.554718
torgo_data/non_dysarthria_female/FC02_Session3_0140.wav,FC02,non_dysarthria,female,Session3,16000,5.37,85920,0.0103001995,0.03945923
torgo_data/non_dysarthria_female/FC02_Session3_0957.wav,FC02,non_dysarthria,female,Session3,16000,1.955,31280,0.0374487,1.0
torgo_data/non_dysarthria_female/FC03_Session1_0064.wav,FC03,non_dysarthria,female,Session1,16000,2.48,39680,0.05750708,0.9440918
torgo_data/non_dysarthria_female/FC02_Session3_0458.wav,FC02,non_dysarthria,female,Session3,16000,3.29,52640,0.14803664,1.0
torgo_data/non_dysarthria_female/FC03_Session3_0200.wav,FC03,non_dysarthria,female,Session3,16000,2.17025,34724,0.042983837,0.67926025
torgo_data/non_dysarthria_female/FC03_Session2_0167.wav,FC03,non_dysarthria,female,Session2,16000,1.915,30640,0.06102658,0.9657898
torgo_data/non_dysarthria_female/FC03_Session2_0055.wav,FC03,non_dysarthria,female,Session2,16000,3.8,60800,0.16091597,1.0
torgo_data/non_dysarthria_female/FC02_Session3_0827.wav,FC02,non_dysarthria,female,Session3,16000,2.255,36080,0.04341981,0.99520874
torgo_data/non_dysarthria_female/FC02_Session3_0895.wav,FC02,non_dysarthria,female,Session3,16000,1.785,28560,0.06805646,1.0
torgo_data/non_dysarthria_female/FC02_Session3_0668.wav,FC02,non_dysarthria,female,Session3,16000,3.065,49040,0.0896462,1.0
torgo_data/non_dysarthria_female/FC02_Session3_0230.wav,FC02,non_dysarthria,female,Session3,16000,2.625,42000,0.041411806,1.0
torgo_data/non_dysarthria_female/FC02_Session3_0456.wav,FC02,non_dysarthria,female,Session3,16000,1.825,29200,0.029751925,0.69247437
torgo_data/non_dysarthria_female/FC02_Session3_0747.wav,FC02,non_dysarthria,female,Session3,16000,1.89,30240,0.04719809,0.6927185
torgo_data/non_dysarthria_female/FC02_Session3_0500.wav,FC02,non_dysarthria,female,Session3,16000,1.995,31920,0.06694386,1.0
torgo_data/non_dysarthria_female/FC03_Session3_0133.wav,FC03,non_dysarthria,female,Session3,16000,3.2579375,52127,0.12207652,1.0
torgo_data/non_dysarthria_female/FC01_Session1_0103.wav,FC01,non_dysarthria,female,Session1,16000,6.06,96960,0.17618088,1.0
torgo_data/non_dysarthria_female/FC03_Session3_0084.wav,FC03,non_dysarthria,female,Session3,16000,1.8534375,29655,0.023726981,0.71240234
torgo_data/non_dysarthria_female/FC03_Session3_0072.wav,FC03,non_dysarthria,female,Session3,16000,1.78725,28596,0.048594575,0.49194336
torgo_data/non_dysarthria_female/FC01_Session1_0052.wav,FC01,non_dysarthria,female,Session1,16000,3.36,53760,0.032721173,0.43136597
torgo_data/non_dysarthria_female/FC02_Session3_0281.wav,FC02,non_dysarthria,female,Session3,16000,5.1650625,82641,0.11959307,1.0
torgo_data/non_dysarthria_female/FC03_Session3_0052.wav,FC03,non_dysarthria,female,Session3,16000,1.254875,20078,0.049698252,0.75930786
torgo_data/non_dysarthria_female/FC01_Session1_0012.wav,FC01,non_dysarthria,female,Session1,16000,3.075,49200,0.029540649,0.34838867
torgo_data/non_dysarthria_female/FC02_Session3_0227.wav,FC02,non_dysarthria,female,Session3,16000,2.435,38960,0.0518374,0.92666626
torgo_data/non_dysarthria_female/FC03_Session2_0017.wav,FC03,non_dysarthria,female,Session2,16000,2.4,38400,0.073865436,1.0
torgo_data/non_dysarthria_female/FC03_Session1_0197.wav,FC03,non_dysarthria,female,Session1,16000,1.74,27840,0.06588004,0.9170227
torgo_data/non_dysarthria_female/FC03_Session2_0084.wav,FC03,non_dysarthria,female,Session2,16000,1.59,25440,0.05457343,0.7693176
torgo_data/non_dysarthria_female/FC03_Session1_0141.wav,FC03,non_dysarthria,female,Session1,16000,1.925,30800,0.036303,0.693573
torgo_data/non_dysarthria_female/FC03_Session3_0006.wav,FC03,non_dysarthria,female,Session3,16000,1.4300625,22881,0.025243301,0.36428833
torgo_data/non_dysarthria_female/FC03_Session1_0084.wav,FC03,non_dysarthria,female,Session1,16000,2.055,32880,0.056293864,0.78125
torgo_data/non_dysarthria_female/FC03_Session3_0110.wav,FC03,non_dysarthria,female,Session3,16000,1.5110625,24177,0.06793506,0.80148315
torgo_data/non_dysarthria_female/FC03_Session3_0188.wav,FC03,non_dysarthria,female,Session3,16000,3.5409375,56655,0.114100985,0.9798279
torgo_data/non_dysarthria_female/FC02_Session3_0983.wav,FC02,non_dysarthria,female,Session3,16000,2.975,47600,0.093801424,1.0
torgo_data/non_dysarthria_female/FC03_Session1_0021.wav,FC03,non_dysarthria,female,Session1,16000,1.87,29920,0.029125001,0.7026062
torgo_data/non_dysarthria_female/FC02_Session3_0486.wav,FC02,non_dysarthria,female,Session3,16000,3.2,51200,0.09609762,1.0
torgo_data/non_dysarthria_female/FC02_Session3_0103.wav,FC02,non_dysarthria,female,Session3,16000,4.9800625,79681,0.12819794,1.0
torgo_data/non_dysarthria_female/FC03_Session2_0177.wav,FC03,non_dysarthria,female,Session2,16000,2.075,33200,0.06698028,1.0
torgo_data/non_dysarthria_female/FC03_Session2_0301.wav,FC03,non_dysarthria,female,Session2,16000,1.565,25040,0.06919113,0.9999695
torgo_data/non_dysarthria_female/FC03_Session2_0345.wav,FC03,non_dysarthria,female,Session2,16000,3.705,59280,0.0930596,0.852417
torgo_data/non_dysarthria_female/FC03_Session2_0242.wav,FC03,non_dysarthria,female,Session2,16000,1.975,31600,0.049291145,0.84854126
torgo_data/non_dysarthria_female/FC03_Session2_0378.wav,FC03,non_dysarthria,female,Session2,16000,5.08,81280,0.08570889,0.8328552
torgo_data/non_dysarthria_female/FC03_Session1_0173.wav,FC03,non_dysarthria,female,Session1,16000,2.155,34480,0.09557848,1.0
torgo_data/non_dysarthria_female/FC02_Session3_0776.wav,FC02,non_dysarthria,female,Session3,16000,4.16,66560,0.08722728,0.81762695
torgo_data/non_dysarthria_female/FC03_Session1_0254.wav,FC03,non_dysarthria,female,Session1,16000,2.105,33680,0.03003585,0.55966187
torgo_data/non_dysarthria_female/FC03_Session3_0042.wav,FC03,non_dysarthria,female,Session3,16000,1.543125,24690,0.07436565,0.8855896
torgo_data/non_dysarthria_female/FC02_Session3_0213.wav,FC02,non_dysarthria,female,Session3,16000,2.455,39280,0.04590845,1.0
torgo_data/non_dysarthria_female/FC02_Session3_0239.wav,FC02,non_dysarthria,female,Session3,16000,3.555,56880,0.083713464,1.0
torgo_data/non_dysarthria_female/FC02_Session3_0701.wav,FC02,non_dysarthria,female,Session3,16000,2.945,47120,0.09172058,0.81451416
torgo_data/non_dysarthria_female/FC02_Session3_0049.wav,FC02,non_dysarthria,female,Session3,16000,3.415,54640,0.09924912,1.0
torgo_data/non_dysarthria_female/FC03_Session2_0153.wav,FC03,non_dysarthria,female,Session2,16000,2.2,35200,0.03979461,1.0
torgo_data/non_dysarthria_female/FC03_Session3_0054.wav,FC03,non_dysarthria,female,Session3,16000,1.8823125,30117,0.045994215,0.7282715
torgo_data/non_dysarthria_female/FC02_Session3_0186.wav,FC02,non_dysarthria,female,Session3,16000,2.2000625,35201,0.02569472,0.92315674
torgo_data/non_dysarthria_female/FC02_Session3_0724.wav,FC02,non_dysarthria,female,Session3,16000,3.895,62320,0.1015448,1.0
torgo_data/non_dysarthria_female/FC02_Session3_0070.wav,FC02,non_dysarthria,female,Session3,16000,4.68,74880,0.08145928,1.0
torgo_data/non_dysarthria_female/FC03_Session3_0159.wav,FC03,non_dysarthria,female,Session3,16000,1.8971875,30355,0.053699747,0.85891724
torgo_data/non_dysarthria_female/FC02_Session3_0491.wav,FC02,non_dysarthria,female,Session3,16000,1.99,31840,0.07836531,1.0
torgo_data/non_dysarthria_female/FC03_Session2_0221.wav,FC03,non_dysarthria,female,Session2,16000,1.655,26480,0.077294976,0.867157
torgo_data/non_dysarthria_female/FC02_Session3_0547.wav,FC02,non_dysarthria,female,Session3,16000,2.0400625,32641,0.048972283,1.0
torgo_data/non_dysarthria_female/FC01_Session1_0072.wav,FC01,non_dysarthria,female,Session1,16000,6.5850625,105361,0.06598369,0.885376
torgo_data/non_dysarthria_female/FC02_Session3_0495.wav,FC02,non_dysarthria,female,Session3,16000,2.775,44400,0.10138328,1.0
torgo_data/non_dysarthria_female/FC02_Session3_0894.wav,FC02,non_dysarthria,female,Session3,16000,4.155,66480,0.10103305,1.0
torgo_data/non_dysarthria_female/FC02_Session3_0749.wav,FC02,non_dysarthria,female,Session3,16000,1.895,30320,0.036518376,0.7489319
torgo_data/non_dysarthria_female/FC01_Session1_0021.wav,FC01,non_dysarthria,female,Session1,16000,2.9300625,46881,0.03226272,0.3484497
torgo_data/non_dysarthria_female/FC03_Session3_0104.wav,FC03,non_dysarthria,female,Session3,16000,4.0615,64984,0.11657228,1.0
torgo_data/non_dysarthria_female/FC02_Session3_0113.wav,FC02,non_dysarthria,female,Session3,16000,2.305,36880,0.05992651,1.0
torgo_data/non_dysarthria_female/FC03_Session2_0066.wav,FC03,non_dysarthria,female,Session2,16000,4.475,71600,0.013062983,0.050628662
torgo_data/non_dysarthria_female/FC02_Session3_0991.wav,FC02,non_dysarthria,female,Session3,16000,2.015,32240,0.072386846,0.96591187
torgo_data/non_dysarthria_female/FC02_Session3_0933.wav,FC02,non_dysarthria,female,Session3,16000,1.74,27840,0.054167032,0.66278076
torgo_data/non_dysarthria_female/FC03_Session1_0186.wav,FC03,non_dysarthria,female,Session1,16000,1.605,25680,0.03956862,1.0
torgo_data/non_dysarthria_female/FC03_Session2_0023.wav,FC03,non_dysarthria,female,Session2,16000,2.125,34000,0.05135097,0.8999939
torgo_data/non_dysarthria_female/FC02_Session3_0262.wav,FC02,non_dysarthria,female,Session3,16000,2.355,37680,0.040770676,1.0
torgo_data/non_dysarthria_female/FC02_Session3_0516.wav,FC02,non_dysarthria,female,Session3,16000,2.24,35840,0.07019436,1.0
torgo_data/non_dysarthria_female/FC01_Session1_0085.wav,FC01,non_dysarthria,female,Session1,16000,4.12,65920,0.061943118,0.50497437
torgo_data/non_dysarthria_female/FC02_Session3_0571.wav,FC02,non_dysarthria,female,Session3,16000,2.03,32480,0.05398213,0.8361206
torgo_data/non_dysarthria_female/FC03_Session3_0088.wav,FC03,non_dysarthria,female,Session3,16000,3.765625,60250,0.11301318,0.78234863
torgo_data/non_dysarthria_female/FC02_Session3_0703.wav,FC02,non_dysarthria,female,Session3,16000,2.085,33360,0.056376718,0.74331665
torgo_data/non_dysarthria_female/FC02_Session3_0429.wav,FC02,non_dysarthria,female,Session3,16000,4.285,68560,0.11992419,1.0
torgo_data/non_dysarthria_female/FC03_Session2_0231.wav,FC03,non_dysarthria,female,Session2,16000,1.98,31680,0.05429342,0.8224182
torgo_data/non_dysarthria_female/FC03_Session2_0171.wav,FC03,non_dysarthria,female,Session2,16000,1.63,26080,0.044771925,1.0
torgo_data/non_dysarthria_female/FC02_Session3_0860.wav,FC02,non_dysarthria,female,Session3,16000,1.9300625,30881,0.03694272,0.71481323
torgo_data/non_dysarthria_female/FC03_Session1_0048.wav,FC03,non_dysarthria,female,Session1,16000,2.46,39360,0.045774866,0.94314575
torgo_data/non_dysarthria_female/FC02_Session3_0511.wav,FC02,non_dysarthria,female,Session3,16000,2.01,32160,0.05536737,1.0
torgo_data/non_dysarthria_female/FC02_Session3_0754.wav,FC02,non_dysarthria,female,Session3,16000,2.1900625,35041,0.05332922,0.85821533
torgo_data/non_dysarthria_female/FC01_Session1_0008.wav,FC01,non_dysarthria,female,Session1,16000,2.955,47280,0.025835784,0.9999695
torgo_data/non_dysarthria_female/FC02_Session3_0455.wav,FC02,non_dysarthria,female,Session3,16000,1.8050625,28881,0.04917832,0.8043823
torgo_data/non_dysarthria_female/FC03_Session2_0137.wav,FC03,non_dysarthria,female,Session2,16000,2.51,40160,0.036700454,0.41830444
torgo_data/non_dysarthria_female/FC01_Session1_0015.wav,FC01,non_dysarthria,female,Session1,16000,6.52,104320,0.08328726,0.77627563
torgo_data/non_dysarthria_female/FC01_Session1_0127.wav,FC01,non_dysarthria,female,Session1,16000,3.28,52480,0.03588048,0.53271484
torgo_data/non_dysarthria_female/FC02_Session3_0180.wav,FC02,non_dysarthria,female,Session3,16000,3.98,63680,0.09064133,1.0
torgo_data/non_dysarthria_female/FC02_Session3_0786.wav,FC02,non_dysarthria,female,Session3,16000,2.01,32160,0.031082483,0.6589966
torgo_data/non_dysarthria_female/FC03_Session3_0132.wav,FC03,non_dysarthria,female,Session3,16000,1.68575,26972,0.043929208,0.6497803
torgo_data/non_dysarthria_female/FC02_Session3_0125.wav,FC02,non_dysarthria,female,Session3,16000,2.1,33600,0.051836677,1.0
torgo_data/non_dysarthria_female/FC03_Session1_0259.wav,FC03,non_dysarthria,female,Session1,16000,1.97,31520,0.049939193,0.96658325
torgo_data/non_dysarthria_female/FC03_Session1_0317.wav,FC03,non_dysarthria,female,Session1,16000,2.275,36400,0.03278692,0.7336731
torgo_data/non_dysarthria_female/FC02_Session3_0163.wav,FC02,non_dysarthria,female,Session3,16000,2.19,35040,0.02829936,0.86605835
torgo_data/non_dysarthria_female/FC03_Session1_0401.wav,FC03,non_dysarthria,female,Session1,16000,4.325,69200,0.10729287,0.8878174
torgo_data/non_dysarthria_female/FC03_Session2_0185.wav,FC03,non_dysarthria,female,Session2,16000,1.76,28160,0.039348576,0.68478394
torgo_data/non_dysarthria_female/FC02_Session3_0800.wav,FC02,non_dysarthria,female,Session3,16000,4.005,64080,0.10303336,1.0
torgo_data/non_dysarthria_female/FC02_Session3_0363.wav,FC02,non_dysarthria,female,Session3,16000,1.74,27840,0.05914008,1.0
torgo_data/non_dysarthria_female/FC03_Session1_0008.wav,FC03,non_dysarthria,female,Session1,16000,1.42,22720,0.0581652,0.71899414
torgo_data/non_dysarthria_female/FC02_Session3_0525.wav,FC02,non_dysarthria,female,Session3,16000,2.115,33840,0.042945772,0.9769287
torgo_data/non_dysarthria_female/FC02_Session3_0407.wav,FC02,non_dysarthria,female,Session3,16000,4.175,66800,0.10899393,1.0
torgo_data/non_dysarthria_female/FC03_Session2_0263.wav,FC03,non_dysarthria,female,Session2,16000,1.915,30640,0.056426216,1.0
torgo_data/non_dysarthria_female/FC01_Session1_0059.wav,FC01,non_dysarthria,female,Session1,16000,5.855,93680,0.015170692,0.06555176
torgo_data/non_dysarthria_female/FC03_Session1_0095.wav,FC03,non_dysarthria,female,Session1,16000,1.985,31760,0.06313707,0.8919983
torgo_data/non_dysarthria_female/FC03_Session1_0268.wav,FC03,non_dysarthria,female,Session1,16000,1.88,30080,0.036230363,0.79696655
torgo_data/non_dysarthria_female/FC02_Session3_0856.wav,FC02,non_dysarthria,female,Session3,16000,1.81,28960,0.048837043,0.7632446
torgo_data/non_dysarthria_female/FC02_Session3_0566.wav,FC02,non_dysarthria,female,Session3,16000,2.2900625,36641,0.02708958,0.7619324
torgo_data/non_dysarthria_female/FC02_Session3_0583.wav,FC02,non_dysarthria,female,Session3,16000,1.895,30320,0.044485,0.9999695
torgo_data/non_dysarthria_female/FC03_Session3_0102.wav,FC03,non_dysarthria,female,Session3,16000,1.1529375,18447,0.07839038,0.9526367
torgo_data/non_dysarthria_female/FC02_Session3_0279.wav,FC02,non_dysarthria,female,Session3,16000,2.1,33600,0.03251422,1.0
torgo_data/non_dysarthria_female/FC03_Session1_0287.wav,FC03,non_dysarthria,female,Session1,16000,2.11,33760,0.0436259,0.75024414
torgo_data/non_dysarthria_female/FC03_Session2_0299.wav,FC03,non_dysarthria,female,Session2,16000,1.77,28320,0.02311592,0.64282227
torgo_data/non_dysarthria_female/FC02_Session3_0075.wav,FC02,non_dysarthria,female,Session3,16000,2.48,39680,0.050571587,1.0
torgo_data/non_dysarthria_female/FC02_Session3_0474.wav,FC02,non_dysarthria,female,Session3,16000,1.8150625,29041,0.07683691,1.0
torgo_data/non_dysarthria_female/FC01_Session1_0068.wav,FC01,non_dysarthria,female,Session1,16000,3.4050625,54481,0.029510677,0.42861938
torgo_data/non_dysarthria_female/FC03_Session1_0035.wav,FC03,non_dysarthria,female,Session1,16000,5.0750625,81201,0.11952968,1.0
torgo_data/non_dysarthria_female/FC03_Session1_0046.wav,FC03,non_dysarthria,female,Session1,16000,2.95,47200,0.060351644,0.90548706
torgo_data/non_dysarthria_female/FC03_Session2_0287.wav,FC03,non_dysarthria,female,Session2,16000,5.945,95120,0.13704012,1.0
torgo_data/non_dysarthria_female/FC02_Session3_0970.wav,FC02,non_dysarthria,female,Session3,16000,3.875,62000,0.08702756,1.0
torgo_data/non_dysarthria_female/FC02_Session3_0494.wav,FC02,non_dysarthria,female,Session3,16000,1.755,28080,0.03137286,0.8362732
torgo_data/non_dysarthria_female/FC03_Session2_0142.wav,FC03,non_dysarthria,female,Session2,16000,2.485,39760,0.037101176,0.9859009
torgo_data/non_dysarthria_female/FC02_Session3_0334.wav,FC02,non_dysarthria,female,Session3,16000,2.245,35920,0.050693084,1.0
torgo_data/non_dysarthria_female/FC01_Session1_0109.wav,FC01,non_dysarthria,female,Session1,16000,2.98,47680,0.027801087,0.6217041
torgo_data/non_dysarthria_female/FC03_Session1_0298.wav,FC03,non_dysarthria,female,Session1,16000,6.695,107120,0.13094503,1.0
torgo_data/non_dysarthria_female/FC03_Session1_0241.wav,FC03,non_dysarthria,female,Session1,16000,1.79,28640,0.06711268,0.7357788
torgo_data/non_dysarthria_female/FC01_Session1_0108.wav,FC01,non_dysarthria,female,Session1,16000,3.265,52240,0.030771578,0.62075806
torgo_data/non_dysarthria_female/FC02_Session3_0572.wav,FC02,non_dysarthria,female,Session3,16000,2.1050625,33681,0.032923035,0.9647217
torgo_data/non_dysarthria_female/FC02_Session3_0394.wav,FC02,non_dysarthria,female,Session3,16000,1.86,29760,0.044737883,1.0
torgo_data/non_dysarthria_female/FC03_Session3_0144.wav,FC03,non_dysarthria,female,Session3,16000,1.4429375,23087,0.06636356,0.7382202
torgo_data/non_dysarthria_female/FC02_Session3_0873.wav,FC02,non_dysarthria,female,Session3,16000,1.925,30800,0.035080716,0.93652344
torgo_data/non_dysarthria_female/FC02_Session3_0352.wav,FC02,non_dysarthria,female,Session3,16000,1.795,28720,0.041835044,0.9058838
torgo_data/non_dysarthria_female/FC02_Session3_0433.wav,FC02,non_dysarthria,female,Session3,16000,1.88,30080,0.03650385,0.84625244
torgo_data/non_dysarthria_female/FC03_Session3_0162.wav,FC03,non_dysarthria,female,Session3,16000,3.57175,57148,0.118648,1.0
torgo_data/non_dysarthria_female/FC02_Session3_0039.wav,FC02,non_dysarthria,female,Session3,16000,2.725,43600,0.061112303,1.0
torgo_data/non_dysarthria_female/FC03_Session1_0316.wav,FC03,non_dysarthria,female,Session1,16000,1.91,30560,0.05227268,0.80197144
torgo_data/non_dysarthria_female/FC03_Session2_0002.wav,FC03,non_dysarthria,female,Session2,16000,3.73,59680,0.11362036,1.0
torgo_data/non_dysarthria_female/FC02_Session3_0240.wav,FC02,non_dysarthria,female,Session3,16000,3.54,56640,0.12417575,1.0
torgo_data/non_dysarthria_female/FC02_Session3_0733.wav,FC02,non_dysarthria,female,Session3,16000,3.665,58640,0.092391096,1.0
torgo_data/non_dysarthria_female/FC02_Session3_0935.wav,FC02,non_dysarthria,female,Session3,16000,1.865,29840,0.050361518,1.0
torgo_data/non_dysarthria_female/FC03_Session3_0176.wav,FC03,non_dysarthria,female,Session3,16000,1.60325,25652,0.040665247,0.96502686
torgo_data/non_dysarthria_female/FC03_Session3_0201.wav,FC03,non_dysarthria,female,Session3,16000,3.2798125,52477,0.0977893,0.7251587
torgo_data/non_dysarthria_female/FC03_Session1_0135.wav,FC03,non_dysarthria,female,Session1,16000,2.235,35760,0.07121766,1.0
torgo_data/non_dysarthria_female/FC02_Session3_0870.wav,FC02,non_dysarthria,female,Session3,16000,1.965,31440,0.06707796,0.8412781
torgo_data/non_dysarthria_female/FC02_Session3_0769.wav,FC02,non_dysarthria,female,Session3,16000,4.04,64640,0.072424285,0.92074585
torgo_data/non_dysarthria_female/FC03_Session1_0300.wav,FC03,non_dysarthria,female,Session1,16000,3.8,60800,0.10804261,1.0
torgo_data/non_dysarthria_female/FC03_Session2_0011.wav,FC03,non_dysarthria,female,Session2,16000,4.405,70480,0.15508032,1.0
torgo_data/non_dysarthria_female/FC02_Session3_0613.wav,FC02,non_dysarthria,female,Session3,16000,1.93,30880,0.042265095,1.0
torgo_data/non_dysarthria_female/FC03_Session1_0226.wav,FC03,non_dysarthria,female,Session1,16000,1.615,25840,0.04391834,0.88497925
torgo_data/non_dysarthria_female/FC03_Session1_0395.wav,FC03,non_dysarthria,female,Session1,16000,2.105,33680,0.037236236,0.79241943
torgo_data/non_dysarthria_female/FC03_Session2_0183.wav,FC03,non_dysarthria,female,Session2,16000,1.81,28960,0.062392395,1.0
torgo_data/non_dysarthria_female/FC03_Session1_0163.wav,FC03,non_dysarthria,female,Session1,16000,1.99,31840,0.068121366,1.0
torgo_data/non_dysarthria_female/FC02_Session3_0377.wav,FC02,non_dysarthria,female,Session3,16000,1.81,28960,0.0597771,1.0
torgo_data/non_dysarthria_female/FC02_Session3_0669.wav,FC02,non_dysarthria,female,Session3,16000,1.97,31520,0.03602085,0.68652344
torgo_data/non_dysarthria_female/FC02_Session3_0194.wav,FC02,non_dysarthria,female,Session3,16000,4.275,68400,0.0897292,1.0
torgo_data/non_dysarthria_female/FC02_Session3_0685.wav,FC02,non_dysarthria,female,Session3,16000,1.91,30560,0.04081279,0.9999695
torgo_data/non_dysarthria_female/FC02_Session3_0773.wav,FC02,non_dysarthria,female,Session3,16000,2.21,35360,0.036666118,0.65167236
torgo_data/non_dysarthria_female/FC02_Session3_0498.wav,FC02,non_dysarthria,female,Session3,16000,1.67,26720,0.045050323,0.73480225
torgo_data/non_dysarthria_female/FC02_Session3_0863.wav,FC02,non_dysarthria,female,Session3,16000,3.52,56320,0.06739786,0.9999695
torgo_data/non_dysarthria_female/FC02_Session3_0300.wav,FC02,non_dysarthria,female,Session3,16000,2.42,38720,0.058743175,1.0
torgo_data/non_dysarthria_female/FC02_Session3_0001.wav,FC02,non_dysarthria,female,Session3,16000,12.715,203440,0.06654263,1.0
torgo_data/non_dysarthria_female/FC02_Session3_0868.wav,FC02,non_dysarthria,female,Session3,16000,2.11,33760,0.039454613,0.52020264
torgo_data/non_dysarthria_female/FC03_Session1_0097.wav,FC03,non_dysarthria,female,Session1,16000,4.725,75600,0.12832125,1.0
torgo_data/non_dysarthria_female/FC03_Session2_0102.wav,FC03,non_dysarthria,female,Session2,16000,4.445,71120,0.124517016,1.0
torgo_data/non_dysarthria_female/FC02_Session3_0858.wav,FC02,non_dysarthria,female,Session3,16000,2.255,36080,0.046280753,0.6796875
torgo_data/non_dysarthria_female/FC02_Session3_0736.wav,FC02,non_dysarthria,female,Session3,16000,1.715,27440,0.024336174,0.43133545
torgo_data/non_dysarthria_female/FC02_Session3_0721.wav,FC02,non_dysarthria,female,Session3,16000,1.86,29760,0.04132708,0.89959717
torgo_data/non_dysarthria_female/FC02_Session3_0574.wav,FC02,non_dysarthria,female,Session3,16000,1.91,30560,0.0347487,0.9036255
torgo_data/non_dysarthria_female/FC02_Session3_0594.wav,FC02,non_dysarthria,female,Session3,16000,4.19,67040,0.09497383,1.0
torgo_data/non_dysarthria_female/FC03_Session2_0133.wav,FC03,non_dysarthria,female,Session2,16000,1.925,30800,0.04305842,0.97280884
torgo_data/non_dysarthria_female/FC02_Session3_0342.wav,FC02,non_dysarthria,female,Session3,16000,2.2200625,35521,0.034320164,1.0
torgo_data/non_dysarthria_female/FC03_Session1_0390.wav,FC03,non_dysarthria,female,Session1,16000,1.99,31840,0.034184713,0.8180542
torgo_data/non_dysarthria_female/FC02_Session3_0135.wav,FC02,non_dysarthria,female,Session3,16000,2.395,38320,0.04028003,0.6577759
torgo_data/non_dysarthria_female/FC03_Session2_0093.wav,FC03,non_dysarthria,female,Session2,16000,2.005,32080,0.051182467,0.73864746
torgo_data/non_dysarthria_female/FC03_Session2_0337.wav,FC03,non_dysarthria,female,Session2,16000,1.505,24080,0.037796512,0.38031006
torgo_data/non_dysarthria_female/FC02_Session3_0449.wav,FC02,non_dysarthria,female,Session3,16000,1.97,31520,0.028024692,0.76708984
torgo_data/non_dysarthria_female/FC02_Session3_0313.wav,FC02,non_dysarthria,female,Session3,16000,3.715,59440,0.10247136,1.0
torgo_data/non_dysarthria_female/FC03_Session3_0175.wav,FC03,non_dysarthria,female,Session3,16000,2.0308125,32493,0.07750525,1.0
torgo_data/non_dysarthria_female/FC03_Session1_0081.wav,FC03,non_dysarthria,female,Session1,16000,3.0150625,48241,0.05197383,1.0
torgo_data/non_dysarthria_female/FC01_Session1_0114.wav,FC01,non_dysarthria,female,Session1,16000,4.845,77520,0.06019516,0.60491943
torgo_data/non_dysarthria_female/FC02_Session3_0902.wav,FC02,non_dysarthria,female,Session3,16000,2.17,34720,0.03263666,0.8772278
torgo_data/non_dysarthria_female/FC03_Session2_0099.wav,FC03,non_dysarthria,female,Session2,16000,3.545,56720,0.12314213,1.0
torgo_data/non_dysarthria_female/FC02_Session3_0659.wav,FC02,non_dysarthria,female,Session3,16000,3.7000625,59201,0.11261615,1.0
torgo_data/non_dysarthria_female/FC03_Session3_0184.wav,FC03,non_dysarthria,female,Session3,16000,1.9578125,31325,0.035262614,0.66537476
torgo_data/non_dysarthria_female/FC02_Session3_0198.wav,FC02,non_dysarthria,female,Session3,16000,2.0450625,32721,0.041567326,1.0
torgo_data/non_dysarthria_female/FC03_Session1_0358.wav,FC03,non_dysarthria,female,Session1,16000,1.965,31440,0.054823417,0.5710449
torgo_data/non_dysarthria_female/FC03_Session3_0105.wav,FC03,non_dysarthria,female,Session3,16000,1.5896875,25435,0.047662094,0.5899048
torgo_data/non_dysarthria_female/FC03_Session3_0148.wav,FC03,non_dysarthria,female,Session3,16000,1.852625,29642,0.042225584,0.60305786
torgo_data/non_dysarthria_female/FC03_Session2_0219.wav,FC03,non_dysarthria,female,Session2,16000,1.86,29760,0.081483945,0.78460693
torgo_data/non_dysarthria_female/FC02_Session3_0315.wav,FC02,non_dysarthria,female,Session3,16000,1.765,28240,0.041651435,1.0
torgo_data/non_dysarthria_female/FC02_Session3_0417.wav,FC02,non_dysarthria,female,Session3,16000,1.89,30240,0.039376285,1.0
torgo_data/non_dysarthria_female/FC01_Session1_0095.wav,FC01,non_dysarthria,female,Session1,16000,3.405,54480,0.034222152,0.5799866
torgo_data/non_dysarthria_female/FC03_Session1_0293.wav,FC03,non_dysarthria,female,Session1,16000,1.72,27520,0.041262284,0.67962646
torgo_data/non_dysarthria_female/FC03_Session1_0371.wav,FC03,non_dysarthria,female,Session1,16000,2.045,32720,0.049485877,0.62390137
torgo_data/non_dysarthria_female/FC02_Session3_0314.wav,FC02,non_dysarthria,female,Session3,16000,2.15,34400,0.053776145,1.0
torgo_data/non_dysarthria_female/FC02_Session3_0831.wav,FC02,non_dysarthria,female,Session3,16000,1.965,31440,0.029304558,0.7323303
torgo_data/non_dysarthria_female/FC03_Session1_0261.wav,FC03,non_dysarthria,female,Session1,16000,3.065,49040,0.101376794,0.93530273
torgo_data/non_dysarthria_female/FC02_Session3_0612.wav,FC02,non_dysarthria,female,Session3,16000,2.045,32720,0.033207096,0.8984375
torgo_data/non_dysarthria_female/FC03_Session2_0166.wav,FC03,non_dysarthria,female,Session2,16000,1.84,29440,0.04264295,0.49209595
torgo_data/non_dysarthria_female/FC02_Session3_0883.wav,FC02,non_dysarthria,female,Session3,16000,3.64,58240,0.107694134,1.0
torgo_data/non_dysarthria_female/FC03_Session1_0230.wav,FC03,non_dysarthria,female,Session1,16000,4.95,79200,0.012478862,0.048797607
torgo_data/non_dysarthria_female/FC03_Session1_0214.wav,FC03,non_dysarthria,female,Session1,16000,3.645,58320,0.08535026,1.0
torgo_data/non_dysarthria_female/FC02_Session3_0864.wav,FC02,non_dysarthria,female,Session3,16000,1.935,30960,0.046710305,0.8794861
torgo_data/non_dysarthria_female/FC03_Session3_0024.wav,FC03,non_dysarthria,female,Session3,16000,0.8455,13528,0.071329914,0.9312439
torgo_data/non_dysarthria_female/FC02_Session3_0876.wav,FC02,non_dysarthria,female,Session3,16000,4.53,72480,0.123988315,1.0
torgo_data/non_dysarthria_female/FC02_Session3_0018.wav,FC02,non_dysarthria,female,Session3,16000,2.215,35440,0.069662936,1.0
torgo_data/non_dysarthria_female/FC01_Session1_0017.wav,FC01,non_dysarthria,female,Session1,16000,3.795,60720,0.03282916,0.55410767
torgo_data/non_dysarthria_female/FC03_Session2_0072.wav,FC03,non_dysarthria,female,Session2,16000,2.065,33040,0.075239114,0.847229
torgo_data/non_dysarthria_female/FC03_Session1_0269.wav,FC03,non_dysarthria,female,Session1,16000,1.8,28800,0.04083382,0.7521057
torgo_data/non_dysarthria_female/FC03_Session2_0248.wav,FC03,non_dysarthria,female,Session2,16000,3.38,54080,0.117622554,1.0
torgo_data/non_dysarthria_female/FC02_Session3_0720.wav,FC02,non_dysarthria,female,Session3,16000,1.795,28720,0.029298862,0.66516113
torgo_data/non_dysarthria_female/FC02_Session3_0228.wav,FC02,non_dysarthria,female,Session3,16000,4.255,68080,0.08431879,1.0
torgo_data/non_dysarthria_female/FC03_Session1_0309.wav,FC03,non_dysarthria,female,Session1,16000,2.795,44720,0.07667039,1.0
torgo_data/non_dysarthria_female/FC02_Session3_0488.wav,FC02,non_dysarthria,female,Session3,16000,1.955,31280,0.05086029,1.0
torgo_data/non_dysarthria_female/FC03_Session2_0194.wav,FC03,non_dysarthria,female,Session2,16000,2.105,33680,0.046462458,1.0
torgo_data/non_dysarthria_female/FC03_Session2_0326.wav,FC03,non_dysarthria,female,Session2,16000,1.595,25520,0.048541114,0.49887085
torgo_data/non_dysarthria_female/FC02_Session3_0551.wav,FC02,non_dysarthria,female,Session3,16000,1.97,31520,0.067549735,1.0
torgo_data/non_dysarthria_female/FC02_Session3_0758.wav,FC02,non_dysarthria,female,Session3,16000,1.79,28640,0.043361567,0.617157
torgo_data/non_dysarthria_female/FC03_Session1_0182.wav,FC03,non_dysarthria,female,Session1,16000,2.005,32080,0.05675123,0.83773804
torgo_data/non_dysarthria_female/FC02_Session3_0925.wav,FC02,non_dysarthria,female,Session3,16000,1.83,29280,0.052422352,1.0
torgo_data/non_dysarthria_female/FC02_Session3_0308.wav,FC02,non_dysarthria,female,Session3,16000,4.265,68240,0.123072386,1.0
torgo_data/non_dysarthria_female/FC03_Session3_0067.wav,FC03,non_dysarthria,female,Session3,16000,1.999125,31986,0.036076367,0.7733154
torgo_data/non_dysarthria_female/FC01_Session1_0118.wav,FC01,non_dysarthria,female,Session1,16000,3.36,53760,0.023681117,0.37771606
torgo_data/non_dysarthria_female/FC01_Session1_0025.wav,FC01,non_dysarthria,female,Session1,16000,7.045,112720,0.1094768,0.5894165
torgo_data/non_dysarthria_female/FC03_Session1_0296.wav,FC03,non_dysarthria,female,Session1,16000,3.135,50160,0.08114865,1.0
torgo_data/non_dysarthria_female/FC02_Session3_0684.wav,FC02,non_dysarthria,female,Session3,16000,1.965,31440,0.030699719,0.80184937
torgo_data/non_dysarthria_female/FC03_Session2_0041.wav,FC03,non_dysarthria,female,Session2,16000,2.29,36640,0.03300139,0.92837524
torgo_data/non_dysarthria_female/FC03_Session3_0121.wav,FC03,non_dysarthria,female,Session3,16000,2.6551875,42483,0.09812113,1.0
torgo_data/non_dysarthria_female/FC02_Session3_0916.wav,FC02,non_dysarthria,female,Session3,16000,4.0,64000,0.09667701,1.0
torgo_data/non_dysarthria_female/FC01_Session1_0071.wav,FC01,non_dysarthria,female,Session1,16000,3.195,51120,0.02665413,0.49752808
torgo_data/non_dysarthria_female/FC03_Session2_0304.wav,FC03,non_dysarthria,female,Session2,16000,4.12,65920,0.105248876,1.0
torgo_data/non_dysarthria_female/FC02_Session3_0691.wav,FC02,non_dysarthria,female,Session3,16000,1.93,30880,0.045281116,0.9901123
torgo_data/non_dysarthria_female/FC02_Session3_0532.wav,FC02,non_dysarthria,female,Session3,16000,4.53,72480,0.106384784,1.0
torgo_data/non_dysarthria_female/FC02_Session3_0595.wav,FC02,non_dysarthria,female,Session3,16000,1.915,30640,0.057545338,0.70806885
torgo_data/non_dysarthria_female/FC03_Session2_0086.wav,FC03,non_dysarthria,female,Session2,16000,1.625,26000,0.06489384,0.68325806
torgo_data/non_dysarthria_female/FC02_Session3_0811.wav,FC02,non_dysarthria,female,Session3,16000,2.035,32560,0.050598904,0.8012085
torgo_data/non_dysarthria_female/FC02_Session3_0208.wav,FC02,non_dysarthria,female,Session3,16000,2.08,33280,0.048445027,0.93862915
torgo_data/non_dysarthria_female/FC02_Session3_0576.wav,FC02,non_dysarthria,female,Session3,16000,1.9,30400,0.028155781,0.664032
torgo_data/non_dysarthria_female/FC03_Session2_0268.wav,FC03,non_dysarthria,female,Session2,16000,1.685,26960,0.06090278,0.9781494
torgo_data/non_dysarthria_female/FC03_Session2_0096.wav,FC03,non_dysarthria,female,Session2,16000,4.63,74080,0.1199158,1.0
torgo_data/non_dysarthria_female/FC01_Session1_0018.wav,FC01,non_dysarthria,female,Session1,16000,3.32,53120,0.029700788,0.36239624
torgo_data/non_dysarthria_female/FC02_Session3_0405.wav,FC02,non_dysarthria,female,Session3,16000,1.795,28720,0.086261794,1.0
torgo_data/non_dysarthria_female/FC02_Session3_0419.wav,FC02,non_dysarthria,female,Session3,16000,1.8600625,29761,0.06544656,1.0
torgo_data/non_dysarthria_female/FC03_Session2_0204.wav,FC03,non_dysarthria,female,Session2,16000,1.52,24320,0.047035556,1.0
torgo_data/non_dysarthria_female/FC03_Session1_0264.wav,FC03,non_dysarthria,female,Session1,16000,2.1,33600,0.06853254,1.0
torgo_data/non_dysarthria_female/FC03_Session2_0341.wav,FC03,non_dysarthria,female,Session2,16000,1.495,23920,0.06000536,0.70318604
torgo_data/non_dysarthria_female/FC02_Session3_0600.wav,FC02,non_dysarthria,female,Session3,16000,1.94,31040,0.03219133,0.9611206
torgo_data/non_dysarthria_female/FC03_Session3_0076.wav,FC03,non_dysarthria,female,Session3,16000,1.7343125,27749,0.021745034,0.47357178
torgo_data/non_dysarthria_female/FC03_Session2_0172.wav,FC03,non_dysarthria,female,Session2,16000,3.87,61920,0.11193477,1.0
torgo_data/non_dysarthria_female/FC02_Session3_0846.wav,FC02,non_dysarthria,female,Session3,16000,2.085,33360,0.0409934,0.63500977
torgo_data/non_dysarthria_female/FC03_Session1_0399.wav,FC03,non_dysarthria,female,Session1,16000,1.97,31520,0.0381111,0.8657532
torgo_data/non_dysarthria_female/FC02_Session3_0351.wav,FC02,non_dysarthria,female,Session3,16000,3.76,60160,0.09524259,1.0
torgo_data/non_dysarthria_female/FC03_Session2_0313.wav,FC03,non_dysarthria,female,Session2,16000,3.29,52640,0.08502511,0.78842163
torgo_data/non_dysarthria_female/FC03_Session2_0001.wav,FC03,non_dysarthria,female,Session2,16000,3.9500625,63201,0.09392751,1.0
torgo_data/non_dysarthria_female/FC03_Session2_0073.wav,FC03,non_dysarthria,female,Session2,16000,1.975,31600,0.05218162,0.87524414
torgo_data/non_dysarthria_female/FC03_Session2_0129.wav,FC03,non_dysarthria,female,Session2,16000,5.05,80800,0.09726303,0.92092896
torgo_data/non_dysarthria_female/FC03_Session1_0075.wav,FC03,non_dysarthria,female,Session1,16000,2.0000625,32001,0.06216304,0.88516235
torgo_data/non_dysarthria_female/FC03_Session2_0260.wav,FC03,non_dysarthria,female,Session2,16000,4.61,73760,0.11789248,1.0
torgo_data/non_dysarthria_female/FC01_Session1_0070.wav,FC01,non_dysarthria,female,Session1,16000,3.115,49840,0.027336925,0.380188
torgo_data/non_dysarthria_female/FC03_Session2_0035.wav,FC03,non_dysarthria,female,Session2,16000,1.88,30080,0.04417986,0.855896
torgo_data/non_dysarthria_female/FC03_Session1_0087.wav,FC03,non_dysarthria,female,Session1,16000,1.985,31760,0.0649919,0.9932251
torgo_data/non_dysarthria_female/FC02_Session3_0214.wav,FC02,non_dysarthria,female,Session3,16000,2.445,39120,0.05376098,1.0
torgo_data/non_dysarthria_female/FC03_Session1_0065.wav,FC03,non_dysarthria,female,Session1,16000,2.13,34080,0.03626745,1.0
torgo_data/non_dysarthria_female/FC03_Session1_0369.wav,FC03,non_dysarthria,female,Session1,16000,3.43,54880,0.07012257,0.842926
torgo_data/non_dysarthria_female/FC03_Session1_0185.wav,FC03,non_dysarthria,female,Session1,16000,4.75,76000,0.11767682,1.0
torgo_data/non_dysarthria_female/FC01_Session1_0033.wav,FC01,non_dysarthria,female,Session1,16000,6.195,99120,0.086317115,0.75149536
torgo_data/non_dysarthria_female/FC02_Session3_0404.wav,FC02,non_dysarthria,female,Session3,16000,1.9400625,31041,0.029754464,0.6416931
torgo_data/non_dysarthria_female/FC02_Session3_0359.wav,FC02,non_dysarthria,female,Session3,16000,5.5350625,88561,0.11801876,1.0
torgo_data/non_dysarthria_female/FC01_Session1_0054.wav,FC01,non_dysarthria,female,Session1,16000,5.1200625,81921,0.060209837,0.551239
torgo_data/non_dysarthria_female/FC03_Session1_0199.wav,FC03,non_dysarthria,female,Session1,16000,1.76,28160,0.04556236,0.76400757
torgo_data/non_dysarthria_female/FC03_Session2_0046.wav,FC03,non_dysarthria,female,Session2,16000,1.83,29280,0.06608768,1.0
torgo_data/non_dysarthria_female/FC02_Session3_0568.wav,FC02,non_dysarthria,female,Session3,16000,1.955,31280,0.03664904,0.9923706
torgo_data/non_dysarthria_female/FC02_Session3_0478.wav,FC02,non_dysarthria,female,Session3,16000,1.9,30400,0.06428644,1.0
torgo_data/non_dysarthria_female/FC03_Session2_0155.wav,FC03,non_dysarthria,female,Session2,16000,1.93,30880,0.06928492,1.0
torgo_data/non_dysarthria_female/FC02_Session3_0332.wav,FC02,non_dysarthria,female,Session3,16000,2.16,34560,0.040852603,1.0
torgo_data/non_dysarthria_female/FC02_Session3_0530.wav,FC02,non_dysarthria,female,Session3,16000,5.07,81120,0.107574835,1.0
torgo_data/non_dysarthria_female/FC03_Session3_0125.wav,FC03,non_dysarthria,female,Session3,16000,1.310125,20962,0.0399149,0.38928223
torgo_data/non_dysarthria_female/FC02_Session3_0428.wav,FC02,non_dysarthria,female,Session3,16000,2.235,35760,0.028447883,0.7906189
torgo_data/non_dysarthria_female/FC03_Session2_0198.wav,FC03,non_dysarthria,female,Session2,16000,1.6350625,26161,0.07317366,0.84524536
torgo_data/non_dysarthria_female/FC02_Session3_0109.wav,FC02,non_dysarthria,female,Session3,16000,1.8450625,29521,0.06040202,1.0
torgo_data/non_dysarthria_female/FC03_Session3_0002.wav,FC03,non_dysarthria,female,Session3,16000,1.81325,29012,0.018121386,0.31411743
torgo_data/non_dysarthria_female/FC03_Session3_0007.wav,FC03,non_dysarthria,female,Session3,16000,1.701125,27218,0.015943455,0.15878296
torgo_data/non_dysarthria_female/FC03_Session1_0054.wav,FC03,non_dysarthria,female,Session1,16000,6.225,99600,0.09909659,1.0
torgo_data/non_dysarthria_female/FC02_Session3_0640.wav,FC02,non_dysarthria,female,Session3,16000,1.7800625,28481,0.042165168,0.73306274
torgo_data/non_dysarthria_female/FC02_Session3_0110.wav,FC02,non_dysarthria,female,Session3,16000,3.57,57120,0.11608563,1.0
torgo_data/non_dysarthria_female/FC02_Session3_0234.wav,FC02,non_dysarthria,female,Session3,16000,4.14,66240,0.13188176,1.0
torgo_data/non_dysarthria_female/FC03_Session1_0079.wav,FC03,non_dysarthria,female,Session1,16000,2.505,40080,0.20312312,1.0
torgo_data/non_dysarthria_female/FC02_Session3_0793.wav,FC02,non_dysarthria,female,Session3,16000,1.855,29680,0.0582414,0.94851685
torgo_data/non_dysarthria_female/FC02_Session3_0509.wav,FC02,non_dysarthria,female,Session3,16000,1.89,30240,0.035641495,1.0
torgo_data/non_dysarthria_female/FC02_Session3_0881.wav,FC02,non_dysarthria,female,Session3,16000,3.485,55760,0.10338501,0.8880005
torgo_data/non_dysarthria_female/FC03_Session3_0022.wav,FC03,non_dysarthria,female,Session3,16000,2.9766875,47627,0.13170558,1.0
torgo_data/non_dysarthria_female/FC02_Session3_0048.wav,FC02,non_dysarthria,female,Session3,16000,4.3,68800,0.12663603,1.0
torgo_data/non_dysarthria_female/FC03_Session1_0324.wav,FC03,non_dysarthria,female,Session1,16000,2.015,32240,0.026026534,0.6560364
torgo_data/non_dysarthria_female/FC03_Session2_0083.wav,FC03,non_dysarthria,female,Session2,16000,1.73,27680,0.05183289,0.87716675
torgo_data/non_dysarthria_female/FC02_Session3_0577.wav,FC02,non_dysarthria,female,Session3,16000,1.825,29200,0.040066324,0.8951721
torgo_data/non_dysarthria_female/FC02_Session3_0785.wav,FC02,non_dysarthria,female,Session3,16000,1.965,31440,0.048074063,0.8514099
torgo_data/non_dysarthria_female/FC03_Session2_0123.wav,FC03,non_dysarthria,female,Session2,16000,7.0250625,112401,0.11046562,1.0
torgo_data/non_dysarthria_female/FC03_Session3_0053.wav,FC03,non_dysarthria,female,Session3,16000,1.4414375,23063,0.030425405,0.5043335
torgo_data/non_dysarthria_female/FC03_Session1_0225.wav,FC03,non_dysarthria,female,Session1,16000,1.845,29520,0.05804258,0.7123108
torgo_data/non_dysarthria_female/FC03_Session1_0116.wav,FC03,non_dysarthria,female,Session1,16000,7.735,123760,0.2149988,1.0
torgo_data/non_dysarthria_female/FC03_Session2_0169.wav,FC03,non_dysarthria,female,Session2,16000,2.14,34240,0.054757677,0.8286743
torgo_data/non_dysarthria_female/FC03_Session2_0143.wav,FC03,non_dysarthria,female,Session2,16000,1.95,31200,0.033703282,0.53308105
torgo_data/non_dysarthria_female/FC03_Session1_0117.wav,FC03,non_dysarthria,female,Session1,16000,5.65,90400,0.13053948,1.0
torgo_data/non_dysarthria_female/FC03_Session3_0207.wav,FC03,non_dysarthria,female,Session3,16000,2.88825,46212,0.024371354,0.77285767
torgo_data/non_dysarthria_female/FC02_Session3_0280.wav,FC02,non_dysarthria,female,Session3,16000,2.01,32160,0.048943624,1.0
torgo_data/non_dysarthria_female/FC02_Session3_0656.wav,FC02,non_dysarthria,female,Session3,16000,1.86,29760,0.06883011,1.0
torgo_data/non_dysarthria_female/FC02_Session3_0840.wav,FC02,non_dysarthria,female,Session3,16000,2.805,44880,0.060206845,1.0
torgo_data/non_dysarthria_female/FC02_Session3_0942.wav,FC02,non_dysarthria,female,Session3,16000,3.205,51280,0.09672034,1.0
torgo_data/non_dysarthria_female/FC02_Session3_0952.wav,FC02,non_dysarthria,female,Session3,16000,2.305,36880,0.05645727,1.0
torgo_data/non_dysarthria_female/FC01_Session1_0089.wav,FC01,non_dysarthria,female,Session1,16000,3.13,50080,0.020583326,0.67407227
torgo_data/non_dysarthria_female/FC03_Session2_0316.wav,FC03,non_dysarthria,female,Session2,16000,1.565,25040,0.031439632,0.46063232
torgo_data/non_dysarthria_female/FC03_Session1_0213.wav,FC03,non_dysarthria,female,Session1,16000,1.845,29520,0.04480619,0.73654175
torgo_data/non_dysarthria_female/FC01_Session1_0011.wav,FC01,non_dysarthria,female,Session1,16000,2.81,44960,0.034181308,0.4376831
torgo_data/non_dysarthria_female/FC03_Session1_0060.wav,FC03,non_dysarthria,female,Session1,16000,5.07,81120,0.1272854,1.0
torgo_data/non_dysarthria_female/FC02_Session3_0962.wav,FC02,non_dysarthria,female,Session3,16000,3.93,62880,0.097336374,1.0
torgo_data/non_dysarthria_female/FC03_Session2_0383.wav,FC03,non_dysarthria,female,Session2,16000,1.7,27200,0.064724885,0.80563354
torgo_data/non_dysarthria_female/FC01_Session1_0020.wav,FC01,non_dysarthria,female,Session1,16000,3.145,50320,0.029679308,0.563324
torgo_data/non_dysarthria_female/FC01_Session1_0056.wav,FC01,non_dysarthria,female,Session1,16000,3.27,52320,0.030629931,0.37454224
torgo_data/non_dysarthria_female/FC03_Session1_0082.wav,FC03,non_dysarthria,female,Session1,16000,2.125,34000,0.031487625,0.95132446
torgo_data/non_dysarthria_female/FC03_Session1_0255.wav,FC03,non_dysarthria,female,Session1,16000,4.405,70480,0.089163154,1.0
torgo_data/non_dysarthria_female/FC03_Session3_0050.wav,FC03,non_dysarthria,female,Session3,16000,4.4090625,70545,0.11239685,1.0
torgo_data/non_dysarthria_female/FC02_Session3_0956.wav,FC02,non_dysarthria,female,Session3,16000,1.775,28400,0.049818285,0.9999695
torgo_data/non_dysarthria_female/FC02_Session3_0174.wav,FC02,non_dysarthria,female,Session3,16000,2.25,36000,0.059216924,1.0
torgo_data/non_dysarthria_female/FC03_Session3_0180.wav,FC03,non_dysarthria,female,Session3,16000,1.7595625,28153,0.03428631,0.6633606
torgo_data/non_dysarthria_female/FC03_Session2_0258.wav,FC03,non_dysarthria,female,Session2,16000,1.5900625,25441,0.0433907,0.4463501
torgo_data/non_dysarthria_female/FC02_Session3_0271.wav,FC02,non_dysarthria,female,Session3,16000,2.175,34800,0.04324393,1.0
torgo_data/non_dysarthria_female/FC03_Session3_0089.wav,FC03,non_dysarthria,female,Session3,16000,3.5898125,57437,0.12599725,0.9673157
torgo_data/non_dysarthria_female/FC01_Session1_0164.wav,FC01,non_dysarthria,female,Session1,16000,2.86,45760,0.025175683,0.43170166
torgo_data/non_dysarthria_female/FC02_Session3_0309.wav,FC02,non_dysarthria,female,Session3,16000,2.0250625,32401,0.03335499,1.0
torgo_data/non_dysarthria_female/FC03_Session2_0234.wav,FC03,non_dysarthria,female,Session2,16000,1.77,28320,0.049500596,0.92718506
torgo_data/non_dysarthria_female/FC03_Session2_0237.wav,FC03,non_dysarthria,female,Session2,16000,1.51,24160,0.051537458,0.8165283
torgo_data/non_dysarthria_female/FC02_Session3_0648.wav,FC02,non_dysarthria,female,Session3,16000,1.835,29360,0.06517167,0.9398804
torgo_data/non_dysarthria_female/FC02_Session3_0783.wav,FC02,non_dysarthria,female,Session3,16000,3.525,56400,0.07815015,1.0
torgo_data/non_dysarthria_female/FC02_Session3_0444.wav,FC02,non_dysarthria,female,Session3,16000,1.985,31760,0.0317532,0.5600586
torgo_data/non_dysarthria_female/FC02_Session3_0805.wav,FC02,non_dysarthria,female,Session3,16000,2.09,33440,0.034131866,0.9999695
torgo_data/non_dysarthria_female/FC03_Session2_0295.wav,FC03,non_dysarthria,female,Session2,16000,1.93,30880,0.042071994,0.59835815
torgo_data/non_dysarthria_female/FC01_Session1_0111.wav,FC01,non_dysarthria,female,Session1,16000,4.745,75920,0.058592405,0.6586914
torgo_data/non_dysarthria_female/FC02_Session3_0288.wav,FC02,non_dysarthria,female,Session3,16000,1.97,31520,0.029066691,0.586792
torgo_data/non_dysarthria_female/FC03_Session2_0289.wav,FC03,non_dysarthria,female,Session2,16000,3.44,55040,0.12822728,1.0
torgo_data/non_dysarthria_female/FC03_Session1_0122.wav,FC03,non_dysarthria,female,Session1,16000,1.785,28560,0.04785617,0.7564392
torgo_data/non_dysarthria_female/FC01_Session1_0138.wav,FC01,non_dysarthria,female,Session1,16000,3.03,48480,0.030074142,0.47018433
torgo_data/non_dysarthria_female/FC02_Session3_0290.wav,FC02,non_dysarthria,female,Session3,16000,2.06,32960,0.05977708,1.0
torgo_data/non_dysarthria_female/FC03_Session3_0124.wav,FC03,non_dysarthria,female,Session3,16000,1.2839375,20543,0.03631509,0.5732727
torgo_data/non_dysarthria_female/FC03_Session1_0016.wav,FC03,non_dysarthria,female,Session1,16000,1.885,30160,0.036624543,0.7081299
torgo_data/non_dysarthria_female/FC02_Session3_0675.wav,FC02,non_dysarthria,female,Session3,16000,1.88,30080,0.04149935,0.632782
torgo_data/non_dysarthria_female/FC03_Session2_0161.wav,FC03,non_dysarthria,female,Session2,16000,2.1000625,33601,0.052985355,0.76034546
torgo_data/non_dysarthria_female/FC02_Session3_0946.wav,FC02,non_dysarthria,female,Session3,16000,2.08,33280,0.031863052,0.87713623
torgo_data/non_dysarthria_female/FC03_Session3_0146.wav,FC03,non_dysarthria,female,Session3,16000,1.7458125,27933,0.03317839,0.5849304
torgo_data/non_dysarthria_female/FC02_Session3_0982.wav,FC02,non_dysarthria,female,Session3,16000,1.79,28640,0.053626113,1.0
torgo_data/non_dysarthria_female/FC03_Session2_0218.wav,FC03,non_dysarthria,female,Session2,16000,1.515,24240,0.05009533,0.8847351
torgo_data/non_dysarthria_female/FC02_Session3_0579.wav,FC02,non_dysarthria,female,Session3,16000,1.765,28240,0.0338121,0.80111694
torgo_data/non_dysarthria_female/FC03_Session3_0048.wav,FC03,non_dysarthria,female,Session3,16000,1.4075,22520,0.04992297,0.8680725
torgo_data/non_dysarthria_female/FC02_Session3_0734.wav,FC02,non_dysarthria,female,Session3,16000,3.46,55360,0.10531185,1.0
torgo_data/non_dysarthria_female/FC01_Session1_0024.wav,FC01,non_dysarthria,female,Session1,16000,3.0050625,48081,0.032571293,0.384552
torgo_data/non_dysarthria_female/FC02_Session3_0348.wav,FC02,non_dysarthria,female,Session3,16000,2.04,32640,0.041673414,1.0
torgo_data/non_dysarthria_female/FC03_Session3_0037.wav,FC03,non_dysarthria,female,Session3,16000,1.1361875,18179,0.09440169,0.76504517
torgo_data/non_dysarthria_female/FC03_Session3_0206.wav,FC03,non_dysarthria,female,Session3,16000,3.6225,57960,0.0791906,0.77890015
torgo_data/non_dysarthria_female/FC03_Session2_0030.wav,FC03,non_dysarthria,female,Session2,16000,1.97,31520,0.066935316,0.9732361
torgo_data/non_dysarthria_female/FC03_Session3_0181.wav,FC03,non_dysarthria,female,Session3,16000,1.697625,27162,0.053165313,0.6340637
torgo_data/non_dysarthria_female/FC02_Session3_0673.wav,FC02,non_dysarthria,female,Session3,16000,2.72,43520,0.069340676,1.0
torgo_data/non_dysarthria_female/FC03_Session3_0040.wav,FC03,non_dysarthria,female,Session3,16000,1.3396875,21435,0.05689572,0.7223511
torgo_data/non_dysarthria_female/FC03_Session2_0078.wav,FC03,non_dysarthria,female,Session2,16000,1.535,24560,0.04543841,0.5995178
torgo_data/non_dysarthria_female/FC02_Session3_0642.wav,FC02,non_dysarthria,female,Session3,16000,4.6850625,74961,0.11821882,1.0
torgo_data/non_dysarthria_female/FC02_Session3_0501.wav,FC02,non_dysarthria,female,Session3,16000,1.88,30080,0.03947689,0.9304199
torgo_data/non_dysarthria_female/FC03_Session2_0312.wav,FC03,non_dysarthria,female,Session2,16000,3.365,53840,0.097553864,1.0
torgo_data/non_dysarthria_female/FC01_Session1_0078.wav,FC01,non_dysarthria,female,Session1,16000,2.795,44720,0.040255047,0.6191406
torgo_data/non_dysarthria_female/FC03_Session3_0013.wav,FC03,non_dysarthria,female,Session3,16000,1.44875,23180,0.017342748,0.2428894
torgo_data/non_dysarthria_female/FC02_Session3_0440.wav,FC02,non_dysarthria,female,Session3,16000,1.9900625,31841,0.066642694,1.0
torgo_data/non_dysarthria_female/FC03_Session1_0100.wav,FC03,non_dysarthria,female,Session1,16000,2.01,32160,0.07594224,1.0
torgo_data/non_dysarthria_female/FC03_Session1_0247.wav,FC03,non_dysarthria,female,Session1,16000,3.3400625,53441,0.15882151,1.0
torgo_data/non_dysarthria_female/FC02_Session3_0777.wav,FC02,non_dysarthria,female,Session3,16000,2.115,33840,0.045607373,0.6109314
torgo_data/non_dysarthria_female/FC02_Session3_0291.wav,FC02,non_dysarthria,female,Session3,16000,1.965,31440,0.028893076,0.7015686
torgo_data/non_dysarthria_female/FC03_Session1_0348.wav,FC03,non_dysarthria,female,Session1,16000,2.08,33280,0.030802304,0.63217163
torgo_data/non_dysarthria_female/FC03_Session2_0249.wav,FC03,non_dysarthria,female,Session2,16000,7.7650625,124241,0.14425355,1.0
torgo_data/non_dysarthria_female/FC03_Session2_0243.wav,FC03,non_dysarthria,female,Session2,16000,3.37,53920,0.11440498,1.0
torgo_data/non_dysarthria_female/FC02_Session3_0880.wav,FC02,non_dysarthria,female,Session3,16000,2.18,34880,0.059577424,1.0
torgo_data/dysarthria_female/F01_Session1_0002.wav,F01,dysarthria,female,Session1,16000,9.409375,150550,0.04119802,0.3718872
torgo_data/dysarthria_female/F03_Session3_0035.wav,F03,dysarthria,female,Session3,16000,1.6,25600,0.019400012,0.45983887
torgo_data/dysarthria_female/F03_Session2_0107.wav,F03,dysarthria,female,Session2,16000,1.76,28160,0.051225636,0.64779663
torgo_data/dysarthria_female/F03_Session2_0109.wav,F03,dysarthria,female,Session2,16000,2.71,43360,0.04740186,0.6928711
torgo_data/dysarthria_female/F03_Session3_0109.wav,F03,dysarthria,female,Session3,16000,1.405,22480,0.024833966,0.27661133
torgo_data/dysarthria_female/F01_Session1_0116.wav,F01,dysarthria,female,Session1,16000,9.807,156912,0.039391283,0.563324
torgo_data/dysarthria_female/F04_Session2_0044.wav,F04,dysarthria,female,Session2,16000,3.125,50000,0.08213834,1.0
torgo_data/dysarthria_female/F04_Session2_0193.wav,F04,dysarthria,female,Session2,16000,4.52,72320,0.32094383,1.0
torgo_data/dysarthria_female/F03_Session2_0157.wav,F03,dysarthria,female,Session2,16000,1.785,28560,0.049266595,0.64907837
torgo_data/dysarthria_female/F04_Session2_0119.wav,F04,dysarthria,female,Session2,16000,7.24,115840,0.16561021,1.0
torgo_data/dysarthria_female/F01_Session1_0006.wav,F01,dysarthria,female,Session1,16000,1.399375,22390,0.014313642,0.25567627
torgo_data/dysarthria_female/F04_Session2_0003.wav,F04,dysarthria,female,Session2,16000,1.775,28400,0.09878397,1.0
torgo_data/dysarthria_female/F04_Session2_0198.wav,F04,dysarthria,female,Session2,16000,2.42,38720,0.13208918,1.0
torgo_data/dysarthria_female/F03_Session3_0053.wav,F03,dysarthria,female,Session3,16000,2.345,37520,0.0127263125,0.17919922
torgo_data/dysarthria_female/F01_Session1_0048.wav,F01,dysarthria,female,Session1,16000,1.9011875,30419,0.017189693,0.24023438
torgo_data/dysarthria_female/F01_Session1_0090.wav,F01,dysarthria,female,Session1,16000,2.0291875,32467,0.016945824,0.20040894
torgo_data/dysarthria_female/F04_Session2_0230.wav,F04,dysarthria,female,Session2,16000,3.76,60160,0.091786265,1.0
torgo_data/dysarthria_female/F03_Session2_0038.wav,F03,dysarthria,female,Session2,16000,2.395,38320,0.033634566,0.6853943
torgo_data/dysarthria_female/F01_Session1_0070.wav,F01,dysarthria,female,Session1,16000,1.5211875,24339,0.024967676,0.330719
torgo_data/dysarthria_female/F01_Session1_0060.wav,F01,dysarthria,female,Session1,16000,1.3675,21880,0.020345999,0.1713562
torgo_data/dysarthria_female/F04_Session2_0244.wav,F04,dysarthria,female,Session2,16000,3.82,61120,0.19295269,1.0
torgo_data/dysarthria_female/F03_Session3_0050.wav,F03,dysarthria,female,Session3,16000,4.045,64720,0.02951076,0.4942627
torgo_data/dysarthria_female/F03_Session3_0121.wav,F03,dysarthria,female,Session3,16000,2.285,36560,0.03779993,0.38119507
torgo_data/dysarthria_female/F03_Session1_0133.wav,F03,dysarthria,female,Session1,16000,1.12525,18004,0.013032723,0.115356445
torgo_data/dysarthria_female/F03_Session1_0139.wav,F03,dysarthria,female,Session1,16000,1.5120625,24193,0.008907113,0.13388062
torgo_data/dysarthria_female/F03_Session1_0064.wav,F03,dysarthria,female,Session1,16000,1.088375,17414,0.010670828,0.09863281
torgo_data/dysarthria_female/F01_Session1_0087.wav,F01,dysarthria,female,Session1,16000,1.591125,25458,0.018452235,0.26000977
torgo_data/dysarthria_female/F01_Session1_0051.wav,F01,dysarthria,female,Session1,16000,1.3841875,22147,0.019246083,0.22546387
torgo_data/dysarthria_female/F03_Session3_0113.wav,F03,dysarthria,female,Session3,16000,1.7600625,28161,0.018444385,0.4262085
torgo_data/dysarthria_female/F01_Session1_0076.wav,F01,dysarthria,female,Session1,16000,1.3205625,21129,0.011226304,0.18292236
torgo_data/dysarthria_female/F03_Session1_0116.wav,F03,dysarthria,female,Session1,16000,2.848375,45574,0.02418528,0.16836548
torgo_data/dysarthria_female/F03_Session3_0103.wav,F03,dysarthria,female,Session3,16000,2.285,36560,0.017805746,0.4638977
torgo_data/dysarthria_female/F04_Session2_0141.wav,F04,dysarthria,female,Session2,16000,3.48,55680,0.0519995,1.0
torgo_data/dysarthria_female/F03_Session2_0017.wav,F03,dysarthria,female,Session2,16000,5.345,85520,0.11048228,1.0
torgo_data/dysarthria_female/F04_Session2_0137.wav,F04,dysarthria,female,Session2,16000,2.215,35440,0.06762578,1.0
torgo_data/dysarthria_female/F01_Session1_0082.wav,F01,dysarthria,female,Session1,16000,1.014625,16234,0.016840272,0.19946289
torgo_data/dysarthria_female/F03_Session2_0026.wav,F03,dysarthria,female,Session2,16000,1.685,26960,0.05861512,0.53738403
torgo_data/dysarthria_female/F04_Session2_0039.wav,F04,dysarthria,female,Session2,16000,3.535,56560,0.053134207,1.0
torgo_data/dysarthria_female/F04_Session2_0247.wav,F04,dysarthria,female,Session2,16000,4.25,68000,0.21699008,1.0
torgo_data/dysarthria_female/F04_Session2_0053.wav,F04,dysarthria,female,Session2,16000,6.44,103040,0.20633169,1.0
torgo_data/dysarthria_female/F04_Session2_0012.wav,F04,dysarthria,female,Session2,16000,3.85,61600,0.13864166,1.0
torgo_data/dysarthria_female/F04_Session2_0061.wav,F04,dysarthria,female,Session2,16000,2.565,41040,0.11222571,1.0
torgo_data/dysarthria_female/F03_Session2_0075.wav,F03,dysarthria,female,Session2,16000,2.8399375,45439,0.029750023,0.45681763
torgo_data/dysarthria_female/F03_Session3_0002.wav,F03,dysarthria,female,Session3,16000,0.5300625,8481,0.0103857275,0.07836914
torgo_data/dysarthria_female/F03_Session3_0041.wav,F03,dysarthria,female,Session3,16000,4.49,71840,0.034990698,0.34786987
torgo_data/dysarthria_female/F03_Session2_0120.wav,F03,dysarthria,female,Session2,16000,2.205,35280,0.10086588,1.0
torgo_data/dysarthria_female/F04_Session2_0208.wav,F04,dysarthria,female,Session2,16000,3.235,51760,0.2550561,1.0
torgo_data/dysarthria_female/F04_Session2_0178.wav,F04,dysarthria,female,Session2,16000,3.405,54480,0.061825972,1.0
torgo_data/dysarthria_female/F03_Session3_0201.wav,F03,dysarthria,female,Session3,16000,1.54,24640,0.020041406,0.28640747
torgo_data/dysarthria_female/F04_Session2_0186.wav,F04,dysarthria,female,Session2,16000,2.765,44240,0.09762457,1.0
torgo_data/dysarthria_female/F03_Session2_0029.wav,F03,dysarthria,female,Session2,16000,8.09,129440,0.06273515,1.0
torgo_data/dysarthria_female/F04_Session2_0167.wav,F04,dysarthria,female,Session2,16000,2.35,37600,0.09514033,1.0
torgo_data/dysarthria_female/F03_Session1_0027.wav,F03,dysarthria,female,Session1,16000,1.0205625,16329,0.01943842,0.17523193
torgo_data/dysarthria_female/F01_Session1_0017.wav,F01,dysarthria,female,Session1,16000,2.41275,38604,0.018143523,0.309906
torgo_data/dysarthria_female/F03_Session2_0008.wav,F03,dysarthria,female,Session2,16000,5.48,87680,0.07292549,0.9994812
torgo_data/dysarthria_female/F03_Session3_0038.wav,F03,dysarthria,female,Session3,16000,6.8250625,109201,0.03007837,0.5236206
torgo_data/dysarthria_female/F03_Session1_0043.wav,F03,dysarthria,female,Session1,16000,2.0874375,33399,0.014380714,0.29135132
torgo_data/dysarthria_female/F03_Session2_0123.wav,F03,dysarthria,female,Session2,16000,5.12,81920,0.030171499,1.0
torgo_data/dysarthria_female/F03_Session3_0093.wav,F03,dysarthria,female,Session3,16000,1.3000625,20801,0.021399857,0.28536987
torgo_data/dysarthria_female/F03_Session3_0013.wav,F03,dysarthria,female,Session3,16000,2.32,37120,0.010707753,0.2831421
torgo_data/dysarthria_female/F03_Session2_0061.wav,F03,dysarthria,female,Session2,16000,1.42,22720,0.0337315,0.45248413
torgo_data/dysarthria_female/F01_Session1_0106.wav,F01,dysarthria,female,Session1,16000,5.6960625,91137,0.030035935,0.37487793
torgo_data/dysarthria_female/F04_Session2_0033.wav,F04,dysarthria,female,Session2,16000,1.985,31760,0.11852884,1.0
torgo_data/dysarthria_female/F03_Session2_0124.wav,F03,dysarthria,female,Session2,16000,2.71,43360,0.044476338,1.0
torgo_data/dysarthria_female/F01_Session1_0126.wav,F01,dysarthria,female,Session1,16000,6.2408125,99853,0.03510662,0.3491516
torgo_data/dysarthria_female/F03_Session2_0100.wav,F03,dysarthria,female,Session2,16000,1.6500625,26401,0.052623596,0.61187744
torgo_data/dysarthria_female/F04_Session2_0106.wav,F04,dysarthria,female,Session2,16000,2.935,46960,0.050120883,1.0
torgo_data/dysarthria_female/F04_Session2_0089.wav,F04,dysarthria,female,Session2,16000,1.97,31520,0.07867531,1.0
torgo_data/dysarthria_female/F01_Session1_0015.wav,F01,dysarthria,female,Session1,16000,2.1231875,33971,0.016905338,0.28796387
torgo_data/dysarthria_female/F03_Session2_0096.wav,F03,dysarthria,female,Session2,16000,1.475,23600,0.045765817,0.46377563
torgo_data/dysarthria_female/F03_Session1_0037.wav,F03,dysarthria,female,Session1,16000,5.65925,90548,0.04000599,0.40075684
torgo_data/dysarthria_female/F01_Session1_0024.wav,F01,dysarthria,female,Session1,16000,1.6815625,26905,0.028047493,0.19296265
torgo_data/dysarthria_female/F03_Session3_0130.wav,F03,dysarthria,female,Session3,16000,3.1,49600,0.038207,0.42523193
torgo_data/dysarthria_female/F04_Session2_0157.wav,F04,dysarthria,female,Session2,16000,7.165,114640,0.101768255,1.0
torgo_data/dysarthria_female/F03_Session3_0097.wav,F03,dysarthria,female,Session3,16000,3.14,50240,0.044343434,0.48443604
torgo_data/dysarthria_female/F04_Session2_0015.wav,F04,dysarthria,female,Session2,16000,2.345,37520,0.09152936,1.0
torgo_data/dysarthria_female/F04_Session2_0179.wav,F04,dysarthria,female,Session2,16000,2.955,47280,0.10203974,1.0
torgo_data/dysarthria_female/F03_Session2_0001.wav,F03,dysarthria,female,Session2,16000,3.45,55200,0.04282011,0.97631836
torgo_data/dysarthria_female/F04_Session2_0024.wav,F04,dysarthria,female,Session2,16000,3.53,56480,0.079654545,1.0
torgo_data/dysarthria_female/F03_Session3_0174.wav,F03,dysarthria,female,Session3,16000,2.095,33520,0.044941176,0.56811523
torgo_data/dysarthria_female/F03_Session2_0024.wav,F03,dysarthria,female,Session2,16000,4.8100625,76961,0.0891168,1.0
torgo_data/dysarthria_female/F03_Session2_0150.wav,F03,dysarthria,female,Session2,16000,1.645,26320,0.040330034,0.64801025
torgo_data/dysarthria_female/F01_Session1_0034.wav,F01,dysarthria,female,Session1,16000,0.8679375,13887,0.021426195,0.15396118
torgo_data/dysarthria_female/F03_Session3_0189.wav,F03,dysarthria,female,Session3,16000,1.475,23600,0.010147275,0.29278564
torgo_data/dysarthria_female/F03_Session1_0003.wav,F03,dysarthria,female,Session1,16000,8.3688125,133901,0.0033008312,0.015808105
torgo_data/dysarthria_female/F03_Session3_0028.wav,F03,dysarthria,female,Session3,16000,2.035,32560,0.013570458,0.27697754
torgo_data/dysarthria_female/F03_Session1_0147.wav,F03,dysarthria,female,Session1,16000,0.544625,8714,0.028110769,0.20303345
torgo_data/dysarthria_female/F04_Session2_0152.wav,F04,dysarthria,female,Session2,16000,3.49,55840,0.03597158,1.0
torgo_data/dysarthria_female/F01_Session1_0001.wav,F01,dysarthria,female,Session1,16000,10.2168125,163469,0.03638234,0.2854004
torgo_data/dysarthria_female/F04_Session2_0227.wav,F04,dysarthria,female,Session2,16000,7.34,117440,0.22688055,1.0
torgo_data/dysarthria_female/F03_Session3_0193.wav,F03,dysarthria,female,Session3,16000,1.09,17440,0.02016387,0.21963501
torgo_data/dysarthria_female/F04_Session2_0249.wav,F04,dysarthria,female,Session2,16000,2.44,39040,0.083139986,1.0
torgo_data/dysarthria_female/F03_Session3_0202.wav,F03,dysarthria,female,Session3,16000,1.57,25120,0.026427865,0.3140869
torgo_data/dysarthria_female/F01_Session1_0053.wav,F01,dysarthria,female,Session1,16000,1.30075,20812,0.021645201,0.16384888
torgo_data/dysarthria_female/F03_Session2_0147.wav,F03,dysarthria,female,Session2,16000,4.26,68160,0.09679565,1.0
torgo_data/dysarthria_female/F03_Session3_0143.wav,F03,dysarthria,female,Session3,16000,1.69,27040,0.017173178,0.26617432
torgo_data/dysarthria_female/F03_Session1_0157.wav,F03,dysarthria,female,Session1,16000,2.5339375,40543,0.021231122,0.21887207
torgo_data/dysarthria_female/F03_Session3_0169.wav,F03,dysarthria,female,Session3,16000,1.41,22560,0.023696832,0.22647095
torgo_data/dysarthria_female/F03_Session3_0043.wav,F03,dysarthria,female,Session3,16000,1.34,21440,0.012704702,0.12936401
torgo_data/dysarthria_female/F03_Session3_0019.wav,F03,dysarthria,female,Session3,16000,2.235,35760,0.0105823,0.14450073
torgo_data/dysarthria_female/F01_Session1_0113.wav,F01,dysarthria,female,Session1,16000,1.832625,29322,0.020495994,0.2130127
torgo_data/dysarthria_female/F01_Session1_0117.wav,F01,dysarthria,female,Session1,16000,1.832625,29322,0.013270961,0.14898682
torgo_data/dysarthria_female/F04_Session2_0213.wav,F04,dysarthria,female,Session2,16000,3.82,61120,0.067849614,1.0
torgo_data/dysarthria_female/F03_Session2_0091.wav,F03,dysarthria,female,Session2,16000,1.74,27840,0.042419292,0.7036133
torgo_data/dysarthria_female/F03_Session3_0213.wav,F03,dysarthria,female,Session3,16000,7.55,120800,0.0436287,0.9313965
torgo_data/dysarthria_female/F03_Session1_0035.wav,F03,dysarthria,female,Session1,16000,2.78325,44532,0.012486394,0.22769165
torgo_data/dysarthria_female/F03_Session2_0102.wav,F03,dysarthria,female,Session2,16000,2.415,38640,0.036759626,0.3031006
torgo_data/dysarthria_female/F03_Session3_0016.wav,F03,dysarthria,female,Session3,16000,2.5200625,40321,0.01752334,0.31866455
torgo_data/dysarthria_female/F01_Session1_0026.wav,F01,dysarthria,female,Session1,16000,2.0613125,32981,0.018511841,0.23822021
torgo_data/dysarthria_female/F01_Session1_0029.wav,F01,dysarthria,female,Session1,16000,1.5730625,25169,0.012176186,0.14727783
torgo_data/dysarthria_female/F03_Session1_0034.wav,F03,dysarthria,female,Session1,16000,2.4585,39336,0.010501699,0.30841064
torgo_data/dysarthria_female/F03_Session2_0056.wav,F03,dysarthria,female,Session2,16000,2.785,44560,0.03701656,0.6180115
torgo_data/dysarthria_female/F04_Session2_0151.wav,F04,dysarthria,female,Session2,16000,3.485,55760,0.035194725,1.0
torgo_data/dysarthria_female/F04_Session2_0008.wav,F04,dysarthria,female,Session2,16000,3.285,52560,0.12703638,1.0
torgo_data/dysarthria_female/F03_Session3_0003.wav,F03,dysarthria,female,Session3,16000,2.9100625,46561,0.013211536,0.27731323
torgo_data/dysarthria_female/F04_Session2_0108.wav,F04,dysarthria,female,Session2,16000,4.535,72560,0.14616968,1.0
torgo_data/dysarthria_female/F03_Session3_0010.wav,F03,dysarthria,female,Session3,16000,1.875,30000,0.013044194,0.21368408
torgo_data/dysarthria_female/F04_Session2_0050.wav,F04,dysarthria,female,Session2,16000,3.765,60240,0.0776867,1.0
torgo_data/dysarthria_female/F03_Session1_0146.wav,F03,dysarthria,female,Session1,16000,0.826375,13222,0.012548957,0.120788574
torgo_data/dysarthria_female/F03_Session1_0058.wav,F03,dysarthria,female,Session1,16000,1.2000625,19201,0.011841945,0.106781006
torgo_data/dysarthria_female/F03_Session3_0051.wav,F03,dysarthria,female,Session3,16000,1.605,25680,0.023603337,0.5262451
torgo_data/dysarthria_female/F01_Session1_0108.wav,F01,dysarthria,female,Session1,16000,2.0803125,33285,0.019740703,0.33035278
torgo_data/dysarthria_female/F04_Session2_0185.wav,F04,dysarthria,female,Session2,16000,2.3,36800,0.1407749,1.0
torgo_data/dysarthria_female/F03_Session1_0130.wav,F03,dysarthria,female,Session1,16000,1.512125,24194,0.011164513,0.10699463
torgo_data/dysarthria_female/F03_Session3_0157.wav,F03,dysarthria,female,Session3,16000,1.195,19120,0.015051447,0.2487793
torgo_data/dysarthria_female/F03_Session2_0094.wav,F03,dysarthria,female,Session2,16000,1.52,24320,0.060989957,0.8720398
torgo_data/dysarthria_female/F03_Session3_0095.wav,F03,dysarthria,female,Session3,16000,1.375,22000,0.02177122,0.4269104
torgo_data/dysarthria_female/F04_Session2_0188.wav,F04,dysarthria,female,Session2,16000,2.335,37360,0.08836779,1.0
torgo_data/dysarthria_female/F01_Session1_0013.wav,F01,dysarthria,female,Session1,16000,1.302875,20846,0.023136068,0.23934937
torgo_data/dysarthria_female/F04_Session2_0035.wav,F04,dysarthria,female,Session2,16000,2.75,44000,0.08329475,1.0
torgo_data/dysarthria_female/F04_Session2_0113.wav,F04,dysarthria,female,Session2,16000,2.13,34080,0.056525853,0.97317505
torgo_data/dysarthria_female/F03_Session2_0037.wav,F03,dysarthria,female,Session2,16000,6.775,108400,0.09175214,1.0
torgo_data/dysarthria_female/F04_Session2_0072.wav,F04,dysarthria,female,Session2,16000,6.3250625,101201,0.20241949,1.0
torgo_data/dysarthria_female/F04_Session2_0117.wav,F04,dysarthria,female,Session2,16000,2.075,33200,0.07050444,1.0
torgo_data/dysarthria_female/F03_Session1_0115.wav,F03,dysarthria,female,Session1,16000,3.6923125,59077,0.018592594,0.20669556
torgo_data/dysarthria_female/F03_Session3_0011.wav,F03,dysarthria,female,Session3,16000,2.0100625,32161,0.012907012,0.26837158
torgo_data/dysarthria_female/F04_Session2_0109.wav,F04,dysarthria,female,Session2,16000,3.84,61440,0.14480421,1.0
torgo_data/dysarthria_female/F03_Session1_0095.wav,F03,dysarthria,female,Session1,16000,6.41875,102700,0.022011852,0.20709229
torgo_data/dysarthria_female/F03_Session1_0105.wav,F03,dysarthria,female,Session1,16000,1.0604375,16967,0.019949365,0.21292114
torgo_data/dysarthria_female/F04_Session2_0143.wav,F04,dysarthria,female,Session2,16000,7.4,118400,0.09473559,1.0
torgo_data/dysarthria_female/F03_Session3_0086.wav,F03,dysarthria,female,Session3,16000,1.72,27520,0.010803886,0.23034668
torgo_data/dysarthria_female/F03_Session1_0160.wav,F03,dysarthria,female,Session1,16000,0.899875,14398,0.011160184,0.14501953
torgo_data/dysarthria_female/F04_Session2_0114.wav,F04,dysarthria,female,Session2,16000,2.175,34800,0.052443665,1.0
torgo_data/dysarthria_female/F03_Session1_0009.wav,F03,dysarthria,female,Session1,16000,1.216625,19466,0.023904976,0.46594238
torgo_data/dysarthria_female/F03_Session1_0057.wav,F03,dysarthria,female,Session1,16000,1.841875,29470,0.008078121,0.08306885
torgo_data/dysarthria_female/F04_Session2_0002.wav,F04,dysarthria,female,Session2,16000,5.07,81120,0.15432209,1.0
torgo_data/dysarthria_female/F04_Session2_0066.wav,F04,dysarthria,female,Session2,16000,4.46,71360,0.045002043,1.0
torgo_data/dysarthria_female/F03_Session1_0181.wav,F03,dysarthria,female,Session1,16000,1.3668125,21869,0.006590979,0.07571411
torgo_data/dysarthria_female/F03_Session1_0004.wav,F03,dysarthria,female,Session1,16000,11.189125,179026,0.028609112,0.50057983
torgo_data/dysarthria_female/F03_Session1_0086.wav,F03,dysarthria,female,Session1,16000,0.9209375,14735,0.015384907,0.22409058
torgo_data/dysarthria_female/F03_Session1_0175.wav,F03,dysarthria,female,Session1,16000,2.9045,46472,0.027377108,0.23501587
torgo_data/dysarthria_female/F04_Session2_0067.wav,F04,dysarthria,female,Session2,16000,2.8,44800,0.082898885,1.0
torgo_data/dysarthria_female/F03_Session1_0015.wav,F03,dysarthria,female,Session1,16000,2.0410625,32657,0.012606688,0.24395752
torgo_data/dysarthria_female/F04_Session2_0200.wav,F04,dysarthria,female,Session2,16000,4.65,74400,0.18526073,1.0
torgo_data/dysarthria_female/F03_Session1_0202.wav,F03,dysarthria,female,Session1,16000,1.230125,19682,0.01810054,0.25701904
torgo_data/dysarthria_female/F03_Session2_0154.wav,F03,dysarthria,female,Session2,16000,1.375,22000,0.04782699,0.77386475
torgo_data/dysarthria_female/F04_Session2_0212.wav,F04,dysarthria,female,Session2,16000,1.95,31200,0.1302507,1.0
torgo_data/dysarthria_female/F03_Session3_0165.wav,F03,dysarthria,female,Session3,16000,1.445,23120,0.02138062,0.4981079
torgo_data/dysarthria_female/F04_Session2_0234.wav,F04,dysarthria,female,Session2,16000,3.0500625,48801,0.11104089,1.0
torgo_data/dysarthria_female/F03_Session2_0136.wav,F03,dysarthria,female,Session2,16000,1.56,24960,0.041449815,0.6659546
torgo_data/dysarthria_female/F03_Session1_0031.wav,F03,dysarthria,female,Session1,16000,8.11775,129884,0.030868987,0.3937378
torgo_data/dysarthria_female/F03_Session3_0004.wav,F03,dysarthria,female,Session3,16000,1.875,30000,0.012759804,0.18856812
torgo_data/dysarthria_female/F04_Session2_0080.wav,F04,dysarthria,female,Session2,16000,2.185,34960,0.094010696,1.0
torgo_data/dysarthria_female/F04_Session2_0154.wav,F04,dysarthria,female,Session2,16000,2.62,41920,0.041221637,1.0
torgo_data/dysarthria_female/F01_Session1_0066.wav,F01,dysarthria,female,Session1,16000,2.1179375,33887,0.015403425,0.12149048
torgo_data/dysarthria_female/F03_Session1_0180.wav,F03,dysarthria,female,Session1,16000,0.95675,15308,0.010156123,0.13760376
torgo_data/dysarthria_female/F04_Session2_0095.wav,F04,dysarthria,female,Session2,16000,2.51,40160,0.086383455,1.0
torgo_data/dysarthria_female/F03_Session2_0121.wav,F03,dysarthria,female,Session2,16000,1.64,26240,0.14782763,1.0
torgo_data/dysarthria_female/F03_Session3_0078.wav,F03,dysarthria,female,Session3,16000,1.74,27840,0.03000622,0.5222168
torgo_data/dysarthria_female/F03_Session2_0092.wav,F03,dysarthria,female,Session2,16000,4.8,76800,0.074890815,0.9482422
torgo_data/dysarthria_female/F03_Session3_0023.wav,F03,dysarthria,female,Session3,16000,4.35,69600,0.033110354,0.37173462
torgo_data/dysarthria_female/F04_Session2_0101.wav,F04,dysarthria,female,Session2,16000,5.55,88800,0.10203902,1.0
torgo_data/dysarthria_female/F01_Session1_0128.wav,F01,dysarthria,female,Session1,16000,2.2784375,36455,0.01475056,0.21472168
torgo_data/dysarthria_female/F03_Session1_0050.wav,F03,dysarthria,female,Session1,16000,1.7860625,28577,0.007911386,0.13702393
torgo_data/dysarthria_female/F04_Session2_0084.wav,F04,dysarthria,female,Session2,16000,2.35,37600,0.119949974,1.0
torgo_data/dysarthria_female/F03_Session3_0141.wav,F03,dysarthria,female,Session3,16000,1.935,30960,0.01996636,0.24536133
torgo_data/dysarthria_female/F04_Session2_0121.wav,F04,dysarthria,female,Session2,16000,1.76,28160,0.06807311,1.0
torgo_data/dysarthria_female/F01_Session1_0078.wav,F01,dysarthria,female,Session1,16000,4.79625,76740,0.0251564,0.20462036
torgo_data/dysarthria_female/F03_Session2_0104.wav,F03,dysarthria,female,Session2,16000,2.54,40640,0.058476776,0.76657104
torgo_data/dysarthria_female/F03_Session3_0191.wav,F03,dysarthria,female,Session3,16000,5.385,86160,0.063767806,0.9512329
torgo_data/dysarthria_female/F03_Session2_0151.wav,F03,dysarthria,female,Session2,16000,1.2100625,19361,0.053040184,0.58792114
torgo_data/dysarthria_female/F03_Session3_0176.wav,F03,dysarthria,female,Session3,16000,1.625,26000,0.023539118,0.37695312
torgo_data/dysarthria_female/F03_Session3_0163.wav,F03,dysarthria,female,Session3,16000,1.305,20880,0.018332219,0.21105957
torgo_data/dysarthria_female/F03_Session3_0185.wav,F03,dysarthria,female,Session3,16000,1.25,20000,0.020639013,0.29830933
torgo_data/dysarthria_female/F04_Session2_0038.wav,F04,dysarthria,female,Session2,16000,2.225,35600,0.087693654,1.0
torgo_data/dysarthria_female/F03_Session3_0127.wav,F03,dysarthria,female,Session3,16000,4.235,67760,0.03996704,0.37646484
torgo_data/dysarthria_female/F01_Session1_0039.wav,F01,dysarthria,female,Session1,16000,1.2748125,20397,0.023013312,0.27929688
torgo_data/dysarthria_female/F03_Session1_0002.wav,F03,dysarthria,female,Session1,16000,6.0461875,96739,0.030447876,0.20263672
torgo_data/dysarthria_female/F03_Session3_0183.wav,F03,dysarthria,female,Session3,16000,2.955,47280,0.03725545,0.29507446
torgo_data/dysarthria_female/F03_Session1_0076.wav,F03,dysarthria,female,Session1,16000,1.1163125,17861,0.017551553,0.15744019
torgo_data/dysarthria_female/F03_Session3_0175.wav,F03,dysarthria,female,Session3,16000,1.845,29520,0.010340632,0.03970337
torgo_data/dysarthria_female/F01_Session1_0052.wav,F01,dysarthria,female,Session1,16000,1.4675625,23481,0.014095287,0.20742798
torgo_data/dysarthria_female/F04_Session2_0250.wav,F04,dysarthria,female,Session2,16000,3.045,48720,0.11548501,1.0
torgo_data/dysarthria_female/F04_Session2_0068.wav,F04,dysarthria,female,Session2,16000,3.63,58080,0.016493523,0.22644043
torgo_data/dysarthria_female/F03_Session3_0111.wav,F03,dysarthria,female,Session3,16000,1.38,22080,0.01712717,0.23916626
torgo_data/dysarthria_female/F03_Session3_0006.wav,F03,dysarthria,female,Session3,16000,1.83,29280,0.014195592,0.18508911
torgo_data/dysarthria_female/F04_Session2_0161.wav,F04,dysarthria,female,Session2,16000,3.175,50800,0.14238372,1.0
torgo_data/dysarthria_female/F04_Session2_0120.wav,F04,dysarthria,female,Session2,16000,5.35,85600,0.15567946,1.0
torgo_data/dysarthria_female/F03_Session2_0003.wav,F03,dysarthria,female,Session2,16000,1.575,25200,0.063412964,0.9999695
torgo_data/dysarthria_female/F01_Session1_0132.wav,F01,dysarthria,female,Session1,16000,9.163125,146610,0.034006212,0.40222168
torgo_data/dysarthria_female/F03_Session1_0016.wav,F03,dysarthria,female,Session1,16000,2.736875,43790,0.010905857,0.16604614
torgo_data/dysarthria_female/F03_Session1_0168.wav,F03,dysarthria,female,Session1,16000,2.2496875,35995,0.023078848,0.1642456
torgo_data/dysarthria_female/F04_Session2_0147.wav,F04,dysarthria,female,Session2,16000,6.06,96960,0.13049535,1.0
torgo_data/dysarthria_female/F01_Session1_0035.wav,F01,dysarthria,female,Session1,16000,12.421625,198746,0.035791636,0.39639282
torgo_data/dysarthria_female/F03_Session3_0098.wav,F03,dysarthria,female,Session3,16000,2.19,35040,0.0139152715,0.22698975
torgo_data/dysarthria_female/F01_Session1_0065.wav,F01,dysarthria,female,Session1,16000,1.167375,18678,0.016585376,0.15301514
torgo_data/dysarthria_female/F03_Session2_0064.wav,F03,dysarthria,female,Session2,16000,2.8250625,45201,0.026569735,0.35424805
torgo_data/dysarthria_female/F04_Session2_0028.wav,F04,dysarthria,female,Session2,16000,4.5700625,73121,0.17278261,1.0
torgo_data/dysarthria_female/F03_Session2_0059.wav,F03,dysarthria,female,Session2,16000,3.7000625,59201,0.028297968,0.76519775
torgo_data/dysarthria_female/F03_Session1_0056.wav,F03,dysarthria,female,Session1,16000,2.0930625,33489,0.007190322,0.11282349
torgo_data/dysarthria_female/F03_Session2_0110.wav,F03,dysarthria,female,Session2,16000,5.945,95120,0.05630986,0.5640259
torgo_data/dysarthria_female/F03_Session3_0087.wav,F03,dysarthria,female,Session3,16000,1.47,23520,0.021643685,0.30545044
torgo_data/dysarthria_female/F04_Session2_0229.wav,F04,dysarthria,female,Session2,16000,2.7,43200,0.07612345,1.0
torgo_data/dysarthria_female/F03_Session3_0171.wav,F03,dysarthria,female,Session3,16000,1.5250625,24401,0.014976214,0.22372437
torgo_data/dysarthria_female/F03_Session3_0128.wav,F03,dysarthria,female,Session3,16000,1.47,23520,0.013715738,0.3171692
torgo_data/dysarthria_female/F04_Session2_0175.wav,F04,dysarthria,female,Session2,16000,2.095,33520,0.14266957,1.0
torgo_data/dysarthria_female/F04_Session2_0057.wav,F04,dysarthria,female,Session2,16000,5.565,89040,0.16815361,1.0
torgo_data/dysarthria_female/F04_Session2_0034.wav,F04,dysarthria,female,Session2,16000,2.82,45120,0.15739906,1.0
torgo_data/dysarthria_female/F03_Session2_0032.wav,F03,dysarthria,female,Session2,16000,5.855,93680,0.08816904,1.0
torgo_data/dysarthria_female/F01_Session1_0030.wav,F01,dysarthria,female,Session1,16000,4.8005625,76809,0.04642362,0.48690796
torgo_data/dysarthria_female/F03_Session3_0131.wav,F03,dysarthria,female,Session3,16000,1.1150625,17841,0.020589836,0.27090454
torgo_data/dysarthria_female/F04_Session2_0019.wav,F04,dysarthria,female,Session2,16000,4.445,71120,0.17399696,1.0
torgo_data/dysarthria_female/F03_Session3_0049.wav,F03,dysarthria,female,Session3,16000,1.575,25200,0.013828083,0.19668579
torgo_data/dysarthria_female/F03_Session3_0005.wav,F03,dysarthria,female,Session3,16000,2.175,34800,0.012118409,0.27539062
torgo_data/dysarthria_female/F03_Session1_0072.wav,F03,dysarthria,female,Session1,16000,7.4234375,118775,0.019331755,0.24133301
torgo_data/dysarthria_female/F03_Session2_0052.wav,F03,dysarthria,female,Session2,16000,3.135,50160,0.054857556,0.6892395
torgo_data/dysarthria_female/F03_Session3_0194.wav,F03,dysarthria,female,Session3,16000,1.975,31600,0.019029759,0.24353027
torgo_data/dysarthria_female/F04_Session2_0026.wav,F04,dysarthria,female,Session2,16000,2.18,34880,0.08957443,1.0
torgo_data/dysarthria_female/F04_Session2_0166.wav,F04,dysarthria,female,Session2,16000,3.57,57120,0.07060943,1.0
torgo_data/dysarthria_female/F04_Session2_0070.wav,F04,dysarthria,female,Session2,16000,2.335,37360,0.071234554,1.0
torgo_data/dysarthria_female/F03_Session2_0135.wav,F03,dysarthria,female,Session2,16000,1.175,18800,0.07399363,0.61001587
torgo_data/dysarthria_female/F03_Session1_0111.wav,F03,dysarthria,female,Session1,16000,1.4511875,23219,0.013651008,0.1472168
torgo_data/dysarthria_female/F03_Session3_0172.wav,F03,dysarthria,female,Session3,16000,2.865,45840,0.036611337,0.3357544
torgo_data/dysarthria_female/F01_Session1_0073.wav,F01,dysarthria,female,Session1,16000,1.1701875,18723,0.024704743,0.21078491
torgo_data/dysarthria_female/F03_Session3_0205.wav,F03,dysarthria,female,Session3,16000,1.2850625,20561,0.014875676,0.30682373
torgo_data/dysarthria_female/F03_Session2_0103.wav,F03,dysarthria,female,Session2,16000,1.5150625,24241,0.0640224,0.5902405
torgo_data/dysarthria_female/F03_Session2_0007.wav,F03,dysarthria,female,Session2,16000,9.255,148080,0.09845392,1.0
torgo_data/dysarthria_female/F03_Session3_0012.wav,F03,dysarthria,female,Session3,16000,1.735,27760,0.014079904,0.31427002
torgo_data/dysarthria_female/F03_Session1_0173.wav,F03,dysarthria,female,Session1,16000,0.717625,11482,0.014585131,0.1444397
torgo_data/dysarthria_female/F04_Session2_0220.wav,F04,dysarthria,female,Session2,16000,4.43,70880,0.20563285,1.0
torgo_data/dysarthria_female/F01_Session1_0055.wav,F01,dysarthria,female,Session1,16000,5.3365,85384,0.04962347,0.3484497
torgo_data/dysarthria_female/F03_Session2_0044.wav,F03,dysarthria,female,Session2,16000,5.03,80480,0.031406716,0.58166504
torgo_data/dysarthria_female/F03_Session1_0085.wav,F03,dysarthria,female,Session1,16000,1.42325,22772,0.011812288,0.15213013
torgo_data/dysarthria_female/F03_Session2_0140.wav,F03,dysarthria,female,Session2,16000,1.74,27840,0.08941837,0.9878845
torgo_data/dysarthria_female/F03_Session3_0122.wav,F03,dysarthria,female,Session3,16000,3.46,55360,0.053559408,0.77301025
torgo_data/dysarthria_female/F03_Session3_0075.wav,F03,dysarthria,female,Session3,16000,1.635,26160,0.036071006,0.41455078
torgo_data/dysarthria_female/F03_Session2_0051.wav,F03,dysarthria,female,Session2,16000,1.65,26400,0.031533338,0.3440857
torgo_data/dysarthria_female/F03_Session3_0026.wav,F03,dysarthria,female,Session3,16000,2.3200625,37121,0.014427259,0.26138306
torgo_data/dysarthria_female/F03_Session1_0087.wav,F03,dysarthria,female,Session1,16000,1.6465625,26345,0.009946283,0.1194458
torgo_data/dysarthria_female/F03_Session3_0071.wav,F03,dysarthria,female,Session3,16000,1.4350625,22961,0.017312275,0.25357056
torgo_data/dysarthria_female/F04_Session2_0058.wav,F04,dysarthria,female,Session2,16000,6.905,110480,0.15169613,1.0
torgo_data/dysarthria_female/F04_Session2_0096.wav,F04,dysarthria,female,Session2,16000,5.585,89360,0.13856632,1.0
torgo_data/dysarthria_female/F03_Session1_0073.wav,F03,dysarthria,female,Session1,16000,1.311625,20986,0.017948486,0.1399231
torgo_data/dysarthria_female/F03_Session3_0124.wav,F03,dysarthria,female,Session3,16000,1.3400625,21441,0.01958035,0.2963562
torgo_data/dysarthria_female/F03_Session3_0105.wav,F03,dysarthria,female,Session3,16000,2.645,42320,0.033603348,0.36523438
torgo_data/dysarthria_female/F03_Session3_0133.wav,F03,dysarthria,female,Session3,16000,2.8,44800,0.055217978,1.0
torgo_data/dysarthria_female/F03_Session1_0001.wav,F03,dysarthria,female,Session1,16000,12.0555,192888,0.030216618,0.3225708
torgo_data/dysarthria_female/F01_Session1_0091.wav,F01,dysarthria,female,Session1,16000,2.167625,34682,0.026089929,0.2579651
torgo_data/dysarthria_female/F03_Session1_0045.wav,F03,dysarthria,female,Session1,16000,2.4585,39336,0.007270718,0.1581726
torgo_data/dysarthria_female/F03_Session1_0042.wav,F03,dysarthria,female,Session1,16000,1.901875,30430,0.026500436,0.42663574
torgo_data/dysarthria_female/F03_Session2_0015.wav,F03,dysarthria,female,Session2,16000,1.94,31040,0.04617621,0.74276733
torgo_data/dysarthria_female/F03_Session2_0141.wav,F03,dysarthria,female,Session2,16000,4.445,71120,0.13263017,1.0
torgo_data/dysarthria_female/F04_Session2_0195.wav,F04,dysarthria,female,Session2,16000,1.93,30880,0.15022081,1.0
torgo_data/dysarthria_female/F01_Session1_0100.wav,F01,dysarthria,female,Session1,16000,1.981875,31710,0.020465733,0.19302368
torgo_data/dysarthria_female/F03_Session2_0131.wav,F03,dysarthria,female,Session2,16000,6.39,102240,0.0988866,1.0
torgo_data/dysarthria_female/F03_Session3_0206.wav,F03,dysarthria,female,Session3,16000,1.395,22320,0.019175172,0.30618286
torgo_data/dysarthria_female/F04_Session2_0027.wav,F04,dysarthria,female,Session2,16000,2.43,38880,0.19974087,1.0
torgo_data/dysarthria_female/F03_Session3_0142.wav,F03,dysarthria,female,Session3,16000,1.415,22640,0.034826353,0.478302
torgo_data/dysarthria_female/F03_Session3_0140.wav,F03,dysarthria,female,Session3,16000,1.2750625,20401,0.028481256,0.25305176
torgo_data/dysarthria_female/F03_Session3_0060.wav,F03,dysarthria,female,Session3,16000,1.745,27920,0.012728355,0.18087769
torgo_data/dysarthria_female/F03_Session2_0045.wav,F03,dysarthria,female,Session2,16000,2.425,38800,0.03246072,0.6535034
torgo_data/dysarthria_female/F03_Session1_0187.wav,F03,dysarthria,female,Session1,16000,0.95675,15308,0.019410385,0.19125366
torgo_data/dysarthria_female/F03_Session3_0074.wav,F03,dysarthria,female,Session3,16000,1.34,21440,0.02104608,0.44543457
torgo_data/dysarthria_female/F03_Session1_0030.wav,F03,dysarthria,female,Session1,16000,8.2569375,132111,0.03232579,0.334198
torgo_data/dysarthria_female/F01_Session1_0086.wav,F01,dysarthria,female,Session1,16000,1.3605,21768,0.013893709,0.16693115
torgo_data/dysarthria_female/F03_Session3_0117.wav,F03,dysarthria,female,Session3,16000,3.975,63600,0.045123987,0.3112793
torgo_data/dysarthria_female/F03_Session3_0059.wav,F03,dysarthria,female,Session3,16000,1.88,30080,0.016162794,0.25637817
torgo_data/dysarthria_female/F03_Session1_0071.wav,F03,dysarthria,female,Session1,16000,1.3395625,21433,0.010581075,0.1368103
torgo_data/dysarthria_female/F04_Session2_0184.wav,F04,dysarthria,female,Session2,16000,2.09,33440,0.086844526,1.0
torgo_data/dysarthria_female/F03_Session1_0169.wav,F03,dysarthria,female,Session1,16000,0.663125,10610,0.013584425,0.11520386
torgo_data/dysarthria_female/F01_Session1_0103.wav,F01,dysarthria,female,Session1,16000,1.1930625,19089,0.025468785,0.16104126
torgo_data/dysarthria_female/F04_Session2_0111.wav,F04,dysarthria,female,Session2,16000,2.755,44080,0.049566094,1.0
torgo_data/dysarthria_female/F01_Session1_0077.wav,F01,dysarthria,female,Session1,16000,7.187875,115006,0.026848204,0.40148926
torgo_data/dysarthria_female/F01_Session1_0099.wav,F01,dysarthria,female,Session1,16000,1.01975,16316,0.028645735,0.19436646
torgo_data/dysarthria_female/F03_Session3_0065.wav,F03,dysarthria,female,Session3,16000,2.605,41680,0.05031118,0.4529724
torgo_data/dysarthria_female/F04_Session2_0021.wav,F04,dysarthria,female,Session2,16000,2.16,34560,0.06439143,1.0
torgo_data/dysarthria_female/F04_Session2_0064.wav,F04,dysarthria,female,Session2,16000,2.895,46320,0.08607512,1.0
torgo_data/dysarthria_female/F01_Session1_0074.wav,F01,dysarthria,female,Session1,16000,1.25375,20060,0.023861963,0.2510376
torgo_data/dysarthria_female/F01_Session1_0097.wav,F01,dysarthria,female,Session1,16000,1.481625,23706,0.022091078,0.26776123
torgo_data/dysarthria_female/F04_Session2_0221.wav,F04,dysarthria,female,Session2,16000,2.565,41040,0.092009656,1.0
torgo_data/dysarthria_female/F04_Session2_0139.wav,F04,dysarthria,female,Session2,16000,4.5800625,73281,0.03328907,1.0
torgo_data/dysarthria_female/F03_Session1_0188.wav,F03,dysarthria,female,Session1,16000,3.8954375,62327,0.029469268,0.3086548
torgo_data/dysarthria_female/F04_Session2_0207.wav,F04,dysarthria,female,Session2,16000,4.75,76000,0.23196836,1.0
torgo_data/dysarthria_female/F03_Session2_0115.wav,F03,dysarthria,female,Session2,16000,1.735,27760,0.10278297,0.9999695
torgo_data/dysarthria_female/F03_Session2_0043.wav,F03,dysarthria,female,Session2,16000,5.48,87680,0.091982625,1.0
torgo_data/dysarthria_female/F03_Session2_0062.wav,F03,dysarthria,female,Session2,16000,1.71,27360,0.06508931,0.57632446
torgo_data/dysarthria_female/F03_Session2_0108.wav,F03,dysarthria,female,Session2,16000,3.59,57440,0.06124724,0.7068176
torgo_data/dysarthria_female/F03_Session2_0047.wav,F03,dysarthria,female,Session2,16000,2.455,39280,0.042497773,0.8489685
torgo_data/dysarthria_female/F04_Session2_0128.wav,F04,dysarthria,female,Session2,16000,5.46,87360,0.12844454,1.0
torgo_data/dysarthria_female/F04_Session2_0083.wav,F04,dysarthria,female,Session2,16000,5.25,84000,0.2265397,1.0
torgo_data/dysarthria_female/F03_Session2_0063.wav,F03,dysarthria,female,Session2,16000,6.32,101120,0.07504221,0.76794434
torgo_data/dysarthria_female/F03_Session2_0097.wav,F03,dysarthria,female,Session2,16000,3.405,54480,0.061074264,0.5817871
torgo_data/dysarthria_female/F03_Session2_0069.wav,F03,dysarthria,female,Session2,16000,2.385,38160,0.036092352,0.5383911
torgo_data/dysarthria_female/F03_Session1_0102.wav,F03,dysarthria,female,Session1,16000,0.5441875,8707,0.022090718,0.18066406
torgo_data/dysarthria_female/F04_Session2_0162.wav,F04,dysarthria,female,Session2,16000,6.61,105760,0.1297402,1.0
torgo_data/dysarthria_female/F01_Session1_0075.wav,F01,dysarthria,female,Session1,16000,1.3540625,21665,0.02120342,0.16864014
torgo_data/dysarthria_female/F03_Session2_0139.wav,F03,dysarthria,female,Session2,16000,2.44,39040,0.01975537,0.20013428
torgo_data/dysarthria_female/F03_Session1_0131.wav,F03,dysarthria,female,Session1,16000,0.9670625,15473,0.010207216,0.12902832
torgo_data/dysarthria_female/F03_Session2_0101.wav,F03,dysarthria,female,Session2,16000,10.225,163600,0.09239881,1.0
torgo_data/dysarthria_female/F04_Session2_0153.wav,F04,dysarthria,female,Session2,16000,3.53,56480,0.043971527,0.9450073
torgo_data/dysarthria_female/F03_Session1_0048.wav,F03,dysarthria,female,Session1,16000,2.0874375,33399,0.007903595,0.27523804
torgo_data/dysarthria_female/F03_Session1_0183.wav,F03,dysarthria,female,Session1,16000,0.820125,13122,0.015678493,0.17294312
torgo_data/dysarthria_female/F04_Session2_0222.wav,F04,dysarthria,female,Session2,16000,2.95,47200,0.07370752,1.0
torgo_data/dysarthria_female/F04_Session2_0218.wav,F04,dysarthria,female,Session2,16000,5.135,82160,0.05040711,1.0
torgo_data/dysarthria_female/F04_Session2_0081.wav,F04,dysarthria,female,Session2,16000,2.4000625,38401,0.12243968,1.0
torgo_data/dysarthria_female/F03_Session1_0134.wav,F03,dysarthria,female,Session1,16000,1.1076875,17723,0.012973624,0.11898804
torgo_data/dysarthria_female/F03_Session1_0126.wav,F03,dysarthria,female,Session1,16000,1.301125,20818,0.012505576,0.16577148
torgo_data/dysarthria_female/F03_Session1_0121.wav,F03,dysarthria,female,Session1,16000,3.25275,52044,0.035629846,0.2718811
torgo_data/dysarthria_female/F04_Session2_0243.wav,F04,dysarthria,female,Session2,16000,7.34,117440,0.27828163,1.0
torgo_data/dysarthria_female/F03_Session1_0142.wav,F03,dysarthria,female,Session1,16000,2.28575,36572,0.020340672,0.19091797
torgo_data/dysarthria_female/F03_Session1_0159.wav,F03,dysarthria,female,Session1,16000,1.1366875,18187,0.01594002,0.21591187
torgo_data/dysarthria_female/F03_Session1_0151.wav,F03,dysarthria,female,Session1,16000,1.349875,21598,0.012175903,0.30871582
torgo_data/dysarthria_female/F03_Session1_0156.wav,F03,dysarthria,female,Session1,16000,1.1840625,18945,0.009257007,0.15164185
torgo_data/dysarthria_female/F04_Session2_0043.wav,F04,dysarthria,female,Session2,16000,2.27,36320,0.12652287,1.0
torgo_data/dysarthria_female/F03_Session1_0018.wav,F03,dysarthria,female,Session1,16000,1.901875,30430,0.01656403,0.35266113
torgo_data/dysarthria_female/F04_Session2_0037.wav,F04,dysarthria,female,Session2,16000,2.07,33120,0.10537675,1.0
torgo_data/dysarthria_female/F03_Session3_0088.wav,F03,dysarthria,female,Session3,16000,1.4500625,23201,0.034989327,0.3211975
torgo_data/dysarthria_female/F04_Session2_0145.wav,F04,dysarthria,female,Session2,16000,2.62,41920,0.04938839,1.0
torgo_data/dysarthria_female/F03_Session3_0099.wav,F03,dysarthria,female,Session3,16000,2.2,35200,0.03633945,0.3263855
torgo_data/dysarthria_female/F03_Session2_0028.wav,F03,dysarthria,female,Session2,16000,3.37,53920,0.17926271,1.0
torgo_data/dysarthria_female/F01_Session1_0098.wav,F01,dysarthria,female,Session1,16000,1.308375,20934,0.030506197,0.24334717
torgo_data/dysarthria_female/F01_Session1_0018.wav,F01,dysarthria,female,Session1,16000,2.0749375,33199,0.016561372,0.19049072
torgo_data/dysarthria_female/F03_Session1_0092.wav,F03,dysarthria,female,Session1,16000,1.5906875,25451,0.016403722,0.15710449
torgo_data/dysarthria_female/F03_Session3_0147.wav,F03,dysarthria,female,Session3,16000,1.3350625,21361,0.01930848,0.2965393
torgo_data/dysarthria_female/F01_Session1_0133.wav,F01,dysarthria,female,Session1,16000,1.2383125,19813,0.029095152,0.39019775
torgo_data/dysarthria_female/F03_Session2_0156.wav,F03,dysarthria,female,Session2,16000,1.425,22800,0.072627276,0.62042236
torgo_data/dysarthria_female/F04_Session2_0030.wav,F04,dysarthria,female,Session2,16000,1.955,31280,0.117547005,1.0
torgo_data/dysarthria_female/F03_Session2_0020.wav,F03,dysarthria,female,Session2,16000,6.6650625,106641,0.08334658,1.0
torgo_data/dysarthria_female/F03_Session3_0145.wav,F03,dysarthria,female,Session3,16000,1.42,22720,0.014233646,0.2003479
torgo_data/dysarthria_female/F04_Session2_0107.wav,F04,dysarthria,female,Session2,16000,3.185,50960,0.075018756,1.0
torgo_data/dysarthria_female/F01_Session1_0094.wav,F01,dysarthria,female,Session1,16000,1.3085,20936,0.022039356,0.25222778
torgo_data/dysarthria_female/F03_Session2_0155.wav,F03,dysarthria,female,Session2,16000,1.77,28320,0.074253015,0.6916809
torgo_data/dysarthria_female/F03_Session3_0069.wav,F03,dysarthria,female,Session3,16000,1.52,24320,0.013081838,0.1557312
torgo_data/dysarthria_female/F03_Session1_0135.wav,F03,dysarthria,female,Session1,16000,3.0593125,48949,0.0340389,0.2496643
torgo_data/dysarthria_female/F03_Session2_0068.wav,F03,dysarthria,female,Session2,16000,1.755,28080,0.035552945,0.28207397
torgo_data/dysarthria_female/F04_Session2_0049.wav,F04,dysarthria,female,Session2,16000,4.765,76240,0.10270042,1.0
torgo_data/dysarthria_female/F04_Session2_0006.wav,F04,dysarthria,female,Session2,16000,1.74,27840,0.12400621,1.0
torgo_data/dysarthria_female/F01_Session1_0004.wav,F01,dysarthria,female,Session1,16000,9.602375,153638,0.024881672,0.20715332
torgo_data/dysarthria_female/F03_Session3_0211.wav,F03,dysarthria,female,Session3,16000,1.53,24480,0.013826867,0.29397583
torgo_data/dysarthria_female/F04_Session2_0133.wav,F04,dysarthria,female,Session2,16000,3.515,56240,0.030889787,1.0
torgo_data/dysarthria_female/F03_Session3_0110.wav,F03,dysarthria,female,Session3,16000,1.83,29280,0.023261985,0.26834106
torgo_data/dysarthria_female/F03_Session1_0006.wav,F03,dysarthria,female,Session1,16000,1.2165625,19465,0.012285998,0.15725708
torgo_data/dysarthria_female/F03_Session1_0113.wav,F03,dysarthria,female,Session1,16000,1.5349375,24559,0.0059823673,0.12805176
torgo_data/dysarthria_female/F04_Session2_0158.wav,F04,dysarthria,female,Session2,16000,2.58,41280,0.06410001,1.0
torgo_data/dysarthria_female/F03_Session1_0184.wav,F03,dysarthria,female,Session1,16000,3.2120625,51393,0.024811763,0.17550659
torgo_data/dysarthria_female/F03_Session3_0090.wav,F03,dysarthria,female,Session3,16000,4.165,66640,0.059302177,0.70306396
torgo_data/dysarthria_female/F03_Session1_0090.wav,F03,dysarthria,female,Session1,16000,1.28375,20540,0.012573157,0.13623047
torgo_data/dysarthria_female/F04_Session2_0063.wav,F04,dysarthria,female,Session2,16000,1.785,28560,0.088651605,1.0
torgo_data/dysarthria_female/F03_Session1_0125.wav,F03,dysarthria,female,Session1,16000,1.00225,16036,0.015648406,0.17727661
torgo_data/dysarthria_female/F04_Session2_0073.wav,F04,dysarthria,female,Session2,16000,3.545,56720,0.06330466,1.0
torgo_data/dysarthria_female/F03_Session1_0078.wav,F03,dysarthria,female,Session1,16000,0.893,14288,0.012600216,0.14932251
torgo_data/dysarthria_female/F03_Session2_0073.wav,F03,dysarthria,female,Session2,16000,2.745,43920,0.089708,1.0
torgo_data/dysarthria_female/F03_Session1_0096.wav,F03,dysarthria,female,Session1,16000,3.7116875,59387,0.040659595,0.26760864
torgo_data/dysarthria_female/F01_Session1_0119.wav,F01,dysarthria,female,Session1,16000,1.832625,29322,0.024932286,0.263031
torgo_data/dysarthria_female/F01_Session1_0102.wav,F01,dysarthria,female,Session1,16000,0.942875,15086,0.022690156,0.16342163
torgo_data/dysarthria_female/F04_Session2_0082.wav,F04,dysarthria,female,Session2,16000,3.075,49200,0.07993333,1.0
torgo_data/dysarthria_female/F04_Session2_0190.wav,F04,dysarthria,female,Session2,16000,2.54,40640,0.13106652,1.0
torgo_data/dysarthria_female/F03_Session3_0020.wav,F03,dysarthria,female,Session3,16000,1.915,30640,0.021354763,0.6885071
torgo_data/dysarthria_female/F03_Session2_0035.wav,F03,dysarthria,female,Session2,16000,2.155,34480,0.07673038,0.6852112
torgo_data/dysarthria_female/F04_Session2_0059.wav,F04,dysarthria,female,Session2,16000,2.19,35040,0.07765008,1.0
torgo_data/dysarthria_female/F03_Session1_0098.wav,F03,dysarthria,female,Session1,16000,0.9349375,14959,0.024992945,0.15786743
torgo_data/dysarthria_female/F03_Session1_0112.wav,F03,dysarthria,female,Session1,16000,1.102375,17638,0.01410094,0.18121338
torgo_data/dysarthria_female/F03_Session1_0124.wav,F03,dysarthria,female,Session1,16000,1.265875,20254,0.01758947,0.18887329
torgo_data/dysarthria_female/F01_Session1_0118.wav,F01,dysarthria,female,Session1,16000,1.78325,28532,0.02660444,0.18078613
torgo_data/dysarthria_female/F03_Session1_0101.wav,F03,dysarthria,female,Session1,16000,4.702375,75238,0.0028950123,0.011413574
torgo_data/dysarthria_female/F03_Session3_0063.wav,F03,dysarthria,female,Session3,16000,2.81,44960,0.05261843,0.39938354
torgo_data/dysarthria_female/F03_Session2_0129.wav,F03,dysarthria,female,Session2,16000,1.5500625,24801,0.08531613,1.0
torgo_data/dysarthria_female/F03_Session2_0053.wav,F03,dysarthria,female,Session2,16000,2.235,35760,0.041870892,0.73269653
torgo_data/dysarthria_female/F03_Session1_0103.wav,F03,dysarthria,female,Session1,16000,4.3535625,69657,0.059326675,0.23983765
torgo_data/dysarthria_female/F04_Session2_0075.wav,F04,dysarthria,female,Session2,16000,2.8,44800,0.07639384,1.0
torgo_data/dysarthria_female/F03_Session1_0093.wav,F03,dysarthria,female,Session1,16000,1.0604375,16967,0.018204048,0.1499939
torgo_data/dysarthria_female/F04_Session2_0183.wav,F04,dysarthria,female,Session2,16000,9.95,159200,0.2470161,1.0
torgo_data/dysarthria_female/F01_Session1_0095.wav,F01,dysarthria,female,Session1,16000,1.4239375,22783,0.02567276,0.28952026
torgo_data/dysarthria_female/F03_Session1_0193.wav,F03,dysarthria,female,Session1,16000,1.4351875,22963,0.0113544455,0.1354065
torgo_data/dysarthria_female/F03_Session3_0085.wav,F03,dysarthria,female,Session3,16000,1.3000625,20801,0.029141365,0.34085083
torgo_data/dysarthria_female/F04_Session2_0187.wav,F04,dysarthria,female,Session2,16000,3.38,54080,0.052330673,1.0
torgo_data/dysarthria_female/F04_Session2_0076.wav,F04,dysarthria,female,Session2,16000,2.015,32240,0.06783111,1.0
torgo_data/dysarthria_female/F03_Session3_0076.wav,F03,dysarthria,female,Session3,16000,1.4600625,23361,0.022205094,0.47698975
torgo_data/dysarthria_female/F03_Session1_0203.wav,F03,dysarthria,female,Session1,16000,1.127625,18042,0.009906104,0.1607666
torgo_data/dysarthria_female/F04_Session2_0036.wav,F04,dysarthria,female,Session2,16000,6.69,107040,0.13833189,1.0
torgo_data/dysarthria_female/F03_Session2_0076.wav,F03,dysarthria,female,Session2,16000,1.995,31920,0.030722609,0.6126709
torgo_data/dysarthria_female/F04_Session2_0238.wav,F04,dysarthria,female,Session2,16000,2.76,44160,0.10901756,1.0
torgo_data/dysarthria_female/F03_Session3_0032.wav,F03,dysarthria,female,Session3,16000,3.22,51520,0.039040007,0.44177246
torgo_data/dysarthria_female/F03_Session1_0029.wav,F03,dysarthria,female,Session1,16000,6.958125,111330,0.036404505,0.32339478
torgo_data/dysarthria_female/F03_Session3_0017.wav,F03,dysarthria,female,Session3,16000,2.09,33440,0.01714255,0.21255493
torgo_data/dysarthria_female/F01_Session1_0080.wav,F01,dysarthria,female,Session1,16000,1.8678125,29885,0.022129867,0.3005066
torgo_data/dysarthria_female/F04_Session2_0048.wav,F04,dysarthria,female,Session2,16000,2.745,43920,0.09453779,1.0
torgo_data/dysarthria_female/F03_Session3_0132.wav,F03,dysarthria,female,Session3,16000,1.365,21840,0.020549817,0.21365356
torgo_data/dysarthria_female/F03_Session1_0127.wav,F03,dysarthria,female,Session1,16000,1.3010625,20817,0.0118866945,0.11074829
torgo_data/dysarthria_female/F04_Session2_0005.wav,F04,dysarthria,female,Session2,16000,3.645,58320,0.1802177,1.0
torgo_data/dysarthria_female/F03_Session3_0080.wav,F03,dysarthria,female,Session3,16000,2.465,39440,0.017373594,0.30062866
torgo_data/dysarthria_female/F03_Session1_0128.wav,F03,dysarthria,female,Session1,16000,1.195625,19130,0.011965507,0.16473389
torgo_data/dysarthria_female/F03_Session3_0184.wav,F03,dysarthria,female,Session3,16000,2.54,40640,0.031149823,0.37634277
torgo_data/dysarthria_female/F03_Session3_0067.wav,F03,dysarthria,female,Session3,16000,2.705,43280,0.040323686,0.3968506
torgo_data/dysarthria_female/F04_Session2_0077.wav,F04,dysarthria,female,Session2,16000,2.385,38160,0.105587155,1.0
torgo_data/dysarthria_female/F01_Session1_0124.wav,F01,dysarthria,female,Session1,16000,2.3279375,37247,0.023675479,0.413208
torgo_data/dysarthria_female/F01_Session1_0104.wav,F01,dysarthria,female,Session1,16000,4.4063125,70501,0.0459666,0.43569946
torgo_data/dysarthria_female/F03_Session3_0178.wav,F03,dysarthria,female,Session3,16000,2.625,42000,0.006242887,0.051818848
torgo_data/dysarthria_female/F04_Session2_0155.wav,F04,dysarthria,female,Session2,16000,2.78,44480,0.06680156,1.0
torgo_data/dysarthria_female/F03_Session2_0010.wav,F03,dysarthria,female,Session2,16000,9.305,148880,0.13710661,1.0
torgo_data/dysarthria_female/F04_Session2_0223.wav,F04,dysarthria,female,Session2,16000,8.2150625,131441,0.23719065,1.0
torgo_data/dysarthria_female/F03_Session1_0019.wav,F03,dysarthria,female,Session1,16000,4.9170625,78673,0.043576255,0.33596802
torgo_data/dysarthria_female/F04_Session2_0209.wav,F04,dysarthria,female,Session2,16000,1.79,28640,0.1365651,1.0
torgo_data/dysarthria_female/F03_Session3_0136.wav,F03,dysarthria,female,Session3,16000,3.54,56640,0.0636185,0.88760376
torgo_data/dysarthria_female/F01_Session1_0007.wav,F01,dysarthria,female,Session1,16000,2.268,36288,0.017130045,0.29727173
torgo_data/dysarthria_female/F03_Session1_0172.wav,F03,dysarthria,female,Session1,16000,1.5035,24056,0.011391353,0.12762451
torgo_data/dysarthria_female/F03_Session2_0048.wav,F03,dysarthria,female,Session2,16000,2.01,32160,0.045331135,1.0
torgo_data/dysarthria_female/F03_Session3_0056.wav,F03,dysarthria,female,Session3,16000,3.585,57360,0.025118023,0.3329773
torgo_data/dysarthria_female/F03_Session1_0055.wav,F03,dysarthria,female,Session1,16000,4.0186875,64299,0.024898717,0.18014526
torgo_data/dysarthria_female/F03_Session1_0165.wav,F03,dysarthria,female,Session1,16000,1.255125,20082,0.01072572,0.14608765
torgo_data/dysarthria_female/F03_Session2_0039.wav,F03,dysarthria,female,Session2,16000,1.54,24640,0.032406565,0.49243164
torgo_data/dysarthria_female/F03_Session2_0105.wav,F03,dysarthria,female,Session2,16000,2.73,43680,0.057176292,0.8086853
torgo_data/dysarthria_female/F03_Session3_0052.wav,F03,dysarthria,female,Session3,16000,2.615,41840,0.031667292,0.28567505
torgo_data/dysarthria_female/F01_Session1_0041.wav,F01,dysarthria,female,Session1,16000,1.1120625,17793,0.028267613,0.23556519
torgo_data/dysarthria_female/F03_Session3_0036.wav,F03,dysarthria,female,Session3,16000,4.51,72160,0.013485473,0.5852356
torgo_data/dysarthria_female/F03_Session1_0081.wav,F03,dysarthria,female,Session1,16000,1.172125,18754,0.008497915,0.07055664
torgo_data/dysarthria_female/F04_Session2_0105.wav,F04,dysarthria,female,Session2,16000,3.37,53920,0.03994239,1.0
torgo_data/dysarthria_female/F01_Session1_0021.wav,F01,dysarthria,female,Session1,16000,1.8443125,29509,0.021621753,0.51779175
torgo_data/dysarthria_female/F03_Session2_0084.wav,F03,dysarthria,female,Session2,16000,3.995,63920,0.03112303,0.58392334
torgo_data/dysarthria_female/F04_Session2_0163.wav,F04,dysarthria,female,Session2,16000,4.595,73520,0.025200821,1.0
torgo_data/dysarthria_female/F01_Session1_0110.wav,F01,dysarthria,female,Session1,16000,1.386875,22190,0.03131019,0.21905518
torgo_data/dysarthria_female/F03_Session2_0127.wav,F03,dysarthria,female,Session2,16000,1.935,30960,0.06789156,0.9552002
torgo_data/dysarthria_female/F01_Session1_0127.wav,F01,dysarthria,female,Session1,16000,4.210125,67362,0.03909003,0.40011597
torgo_data/dysarthria_female/F03_Session1_0120.wav,F03,dysarthria,female,Session1,16000,1.0021875,16035,0.0124226585,0.11627197
torgo_data/dysarthria_female/F01_Session1_0063.wav,F01,dysarthria,female,Session1,16000,1.2174375,19479,0.021608673,0.17721558
torgo_data/dysarthria_female/F03_Session3_0180.wav,F03,dysarthria,female,Session3,16000,1.355,21680,0.01674441,0.29989624
torgo_data/dysarthria_female/F04_Session2_0235.wav,F04,dysarthria,female,Session2,16000,1.58,25280,0.22128515,1.0
torgo_data/dysarthria_female/F03_Session2_0098.wav,F03,dysarthria,female,Session2,16000,6.12,97920,0.0998298,0.7889404
torgo_data/dysarthria_female/F03_Session1_0185.wav,F03,dysarthria,female,Session1,16000,3.14375,50300,0.018115563,0.15319824
torgo_data/dysarthria_female/F03_Session3_0196.wav,F03,dysarthria,female,Session3,16000,1.795,28720,0.011543314,0.21414185
torgo_data/dysarthria_female/F01_Session1_0046.wav,F01,dysarthria,female,Session1,16000,1.3841875,22147,0.0316692,0.30822754
torgo_data/dysarthria_female/F03_Session2_0057.wav,F03,dysarthria,female,Session2,16000,1.39,22240,0.05311787,0.5640259
torgo_data/dysarthria_female/F04_Session2_0092.wav,F04,dysarthria,female,Session2,16000,2.325,37200,0.074744955,1.0
torgo_data/dysarthria_female/F01_Session1_0038.wav,F01,dysarthria,female,Session1,16000,1.60025,25604,0.027050037,0.15890503
torgo_data/dysarthria_female/F03_Session3_0014.wav,F03,dysarthria,female,Session3,16000,1.8,28800,0.019074148,0.24838257
torgo_data/dysarthria_female/F04_Session2_0010.wav,F04,dysarthria,female,Session2,16000,2.31,36960,0.07905099,1.0
torgo_data/dysarthria_female/F03_Session2_0040.wav,F03,dysarthria,female,Session2,16000,1.735,27760,0.05108735,0.76956177
torgo_data/dysarthria_female/F01_Session1_0056.wav,F01,dysarthria,female,Session1,16000,4.452625,71242,0.050935384,0.33261108
torgo_data/dysarthria_female/F03_Session2_0004.wav,F03,dysarthria,female,Session2,16000,4.145,66320,0.026692927,0.62197876
torgo_data/dysarthria_female/F03_Session3_0058.wav,F03,dysarthria,female,Session3,16000,2.75,44000,0.043149073,0.4060669
torgo_data/dysarthria_female/F01_Session1_0022.wav,F01,dysarthria,female,Session1,16000,4.990375,79846,0.04226927,0.2895813
torgo_data/dysarthria_female/F01_Session1_0120.wav,F01,dysarthria,female,Session1,16000,3.5166875,56267,0.06954097,0.43301392
torgo_data/dysarthria_female/F03_Session2_0089.wav,F03,dysarthria,female,Session2,16000,2.63,42080,0.04588909,0.80496216
torgo_data/dysarthria_female/F03_Session3_0154.wav,F03,dysarthria,female,Session3,16000,2.205,35280,0.014923851,0.1763916
torgo_data/dysarthria_female/F03_Session1_0049.wav,F03,dysarthria,female,Session1,16000,1.534875,24558,0.013291214,0.2293396
torgo_data/dysarthria_female/F03_Session2_0014.wav,F03,dysarthria,female,Session2,16000,3.53,56480,0.03646629,0.8305359
torgo_data/dysarthria_female/F03_Session1_0197.wav,F03,dysarthria,female,Session1,16000,0.922625,14762,0.023477828,0.1708374
torgo_data/dysarthria_female/F04_Session2_0071.wav,F04,dysarthria,female,Session2,16000,2.52,40320,0.09318079,1.0
torgo_data/dysarthria_female/F03_Session2_0050.wav,F03,dysarthria,female,Session2,16000,1.8450625,29521,0.042435765,0.5907898
torgo_data/dysarthria_female/F04_Session2_0174.wav,F04,dysarthria,female,Session2,16000,2.13,34080,0.122630246,1.0
torgo_data/dysarthria_female/F03_Session3_0055.wav,F03,dysarthria,female,Session3,16000,3.7,59200,0.03814272,0.44503784
torgo_data/dysarthria_female/F03_Session3_0039.wav,F03,dysarthria,female,Session3,16000,1.9,30400,0.014654752,0.29608154
torgo_data/dysarthria_female/F01_Session1_0042.wav,F01,dysarthria,female,Session1,16000,0.783875,12542,0.04372214,0.28512573
torgo_data/dysarthria_female/F03_Session2_0054.wav,F03,dysarthria,female,Session2,16000,9.9250625,158801,0.057953138,0.80615234
torgo_data/dysarthria_female/F01_Session1_0045.wav,F01,dysarthria,female,Session1,16000,1.1340625,18145,0.021597736,0.35333252
torgo_data/dysarthria_female/F04_Session2_0041.wav,F04,dysarthria,female,Session2,16000,4.6100625,73761,0.16028337,1.0
torgo_data/dysarthria_female/F03_Session1_0155.wav,F03,dysarthria,female,Session1,16000,1.2314375,19703,0.014673161,0.16088867
torgo_data/dysarthria_female/F03_Session2_0122.wav,F03,dysarthria,female,Session2,16000,5.09,81440,0.21557498,1.0
torgo_data/dysarthria_female/F04_Session2_0236.wav,F04,dysarthria,female,Session2,16000,2.835,45360,0.07602045,1.0
torgo_data/dysarthria_female/F04_Session2_0060.wav,F04,dysarthria,female,Session2,16000,1.81,28960,0.07892085,1.0
torgo_data/dysarthria_female/F03_Session3_0114.wav,F03,dysarthria,female,Session3,16000,1.68,26880,0.016908607,0.32525635
torgo_data/dysarthria_female/F04_Session2_0023.wav,F04,dysarthria,female,Session2,16000,2.06,32960,0.07386054,1.0
torgo_data/dysarthria_female/F04_Session2_0202.wav,F04,dysarthria,female,Session2,16000,2.605,41680,0.08511256,1.0
torgo_data/dysarthria_female/F03_Session3_0084.wav,F03,dysarthria,female,Session3,16000,4.73,75680,0.037382267,0.66278076
torgo_data/dysarthria_female/F03_Session2_0060.wav,F03,dysarthria,female,Session2,16000,1.46,23360,0.04597649,0.7501221
torgo_data/dysarthria_female/F03_Session3_0197.wav,F03,dysarthria,female,Session3,16000,3.015,48240,0.045299646,0.4170227
torgo_data/dysarthria_female/F04_Session2_0124.wav,F04,dysarthria,female,Session2,16000,2.08,33280,0.07492413,1.0
torgo_data/dysarthria_female/F03_Session2_0036.wav,F03,dysarthria,female,Session2,16000,2.32,37120,0.03297675,0.5680237
torgo_data/dysarthria_female/F03_Session1_0047.wav,F03,dysarthria,female,Session1,16000,2.829625,45274,0.008068582,0.22354126
torgo_data/dysarthria_female/F04_Session2_0228.wav,F04,dysarthria,female,Session2,16000,6.035,96560,0.25021553,1.0
torgo_data/dysarthria_female/F01_Session1_0081.wav,F01,dysarthria,female,Session1,16000,1.03775,16604,0.029576624,0.21661377
torgo_data/dysarthria_female/F04_Session2_0197.wav,F04,dysarthria,female,Session2,16000,2.34,37440,0.08713904,1.0
torgo_data/dysarthria_female/F03_Session1_0054.wav,F03,dysarthria,female,Session1,16000,1.0605,16968,0.012325161,0.16760254
torgo_data/dysarthria_female/F01_Session1_0129.wav,F01,dysarthria,female,Session1,16000,0.941125,15058,0.025860028,0.20272827
torgo_data/dysarthria_female/F03_Session1_0063.wav,F03,dysarthria,female,Session1,16000,1.814,29024,0.009211818,0.12332153
torgo_data/dysarthria_female/F03_Session3_0089.wav,F03,dysarthria,female,Session3,16000,1.72,27520,0.020112371,0.44735718
torgo_data/dysarthria_female/F03_Session3_0025.wav,F03,dysarthria,female,Session3,16000,4.675,74800,0.036568034,0.5843811
torgo_data/dysarthria_female/F03_Session1_0077.wav,F03,dysarthria,female,Session1,16000,0.97675,15628,0.011961133,0.1652832
torgo_data/dysarthria_female/F01_Session1_0064.wav,F01,dysarthria,female,Session1,16000,1.53425,24548,0.021792144,0.19665527
torgo_data/dysarthria_female/F04_Session2_0020.wav,F04,dysarthria,female,Session2,16000,3.1400625,50241,0.04668788,1.0
torgo_data/dysarthria_female/F03_Session2_0119.wav,F03,dysarthria,female,Session2,16000,1.77,28320,0.05228596,0.59973145
torgo_data/dysarthria_female/F01_Session1_0008.wav,F01,dysarthria,female,Session1,16000,9.84375,157500,0.030297304,0.32479858
torgo_data/dysarthria_female/F03_Session1_0138.wav,F03,dysarthria,female,Session1,16000,1.1076875,17723,0.019216726,0.13824463
torgo_data/dysarthria_female/F03_Session1_0014.wav,F03,dysarthria,female,Session1,16000,2.4585,39336,0.006373282,0.12667847
torgo_data/dysarthria_female/F03_Session1_0040.wav,F03,dysarthria,female,Session1,16000,2.5513125,40821,0.004821582,0.15301514
torgo_data/dysarthria_female/F03_Session2_0070.wav,F03,dysarthria,female,Session2,16000,1.895,30320,0.03154374,0.4570923
torgo_data/dysarthria_female/F03_Session2_0137.wav,F03,dysarthria,female,Session2,16000,1.5200625,24321,0.058577612,0.84542847
torgo_data/dysarthria_female/F04_Session2_0042.wav,F04,dysarthria,female,Session2,16000,4.82,77120,0.12769054,1.0
torgo_data/dysarthria_female/F04_Session2_0196.wav,F04,dysarthria,female,Session2,16000,3.185,50960,0.05750925,1.0
torgo_data/non_dysarthria_male/MC04_Session1_0026.wav,MC04,non_dysarthria,male,Session1,16000,5.705,91280,0.23059009,1.0
torgo_data/non_dysarthria_male/MC02_Session1_0350.wav,MC02,non_dysarthria,male,Session1,16000,2.51,40160,0.065747045,1.0
torgo_data/non_dysarthria_male/MC01_Session1_0160.wav,MC01,non_dysarthria,male,Session1,16000,3.045,48720,0.03970377,0.55389404
torgo_data/non_dysarthria_male/MC02_Session1_0115.wav,MC02,non_dysarthria,male,Session1,16000,3.17,50720,0.033927422,0.9337158
torgo_data/non_dysarthria_male/MC02_Session1_0353.wav,MC02,non_dysarthria,male,Session1,16000,2.52,40320,0.052942403,1.0
torgo_data/non_dysarthria_male/MC03_Session2_0049.wav,MC03,non_dysarthria,male,Session2,16000,1.614875,25838,0.00838013,0.14382935
torgo_data/non_dysarthria_male/MC04_Session1_0645.wav,MC04,non_dysarthria,male,Session1,16000,1.59,25440,0.1281666,1.0
torgo_data/non_dysarthria_male/MC03_Session2_0051.wav,MC03,non_dysarthria,male,Session2,16000,4.054375,64870,0.018443694,0.18292236
torgo_data/non_dysarthria_male/MC04_Session1_0320.wav,MC04,non_dysarthria,male,Session1,16000,1.575,25200,0.07406698,1.0
torgo_data/non_dysarthria_male/MC04_Session1_0581.wav,MC04,non_dysarthria,male,Session1,16000,1.63,26080,0.07399955,1.0
torgo_data/non_dysarthria_male/MC04_Session1_0013.wav,MC04,non_dysarthria,male,Session1,16000,2.3399375,37439,0.06918709,1.0
torgo_data/non_dysarthria_male/MC01_Session3_0313.wav,MC01,non_dysarthria,male,Session3,16000,2.055,32880,0.02307773,0.41796875
torgo_data/non_dysarthria_male/MC03_Session2_0126.wav,MC03,non_dysarthria,male,Session2,16000,2.09,33440,0.005810225,0.11541748
torgo_data/non_dysarthria_male/MC03_Session1_0037.wav,MC03,non_dysarthria,male,Session1,16000,1.39,22240,0.061842956,0.9971924
torgo_data/non_dysarthria_male/MC01_Session1_0070.wav,MC01,non_dysarthria,male,Session1,16000,2.795,44720,0.03297838,0.51708984
torgo_data/non_dysarthria_male/MC03_Session1_0503.wav,MC03,non_dysarthria,male,Session1,16000,3.425,54800,0.16819853,0.9076843
torgo_data/non_dysarthria_male/MC01_Session2_0178.wav,MC01,non_dysarthria,male,Session2,16000,3.656875,58510,0.0055260276,0.16955566
torgo_data/non_dysarthria_male/MC01_Session2_0233.wav,MC01,non_dysarthria,male,Session2,16000,2.3035625,36857,0.006242001,0.1645813
torgo_data/non_dysarthria_male/MC03_Session1_0372.wav,MC03,non_dysarthria,male,Session1,16000,2.975,47600,0.17221576,0.93118286
torgo_data/non_dysarthria_male/MC01_Session3_0244.wav,MC01,non_dysarthria,male,Session3,16000,2.29,36640,0.020871578,0.40911865
torgo_data/non_dysarthria_male/MC01_Session1_0079.wav,MC01,non_dysarthria,male,Session1,16000,6.6250625,106001,0.084475115,0.6609802
torgo_data/non_dysarthria_male/MC04_Session1_0458.wav,MC04,non_dysarthria,male,Session1,16000,1.62,25920,0.10128446,1.0
torgo_data/non_dysarthria_male/MC03_Session1_0158.wav,MC03,non_dysarthria,male,Session1,16000,1.555,24880,0.07469385,0.9999695
torgo_data/non_dysarthria_male/MC01_Session1_0319.wav,MC01,non_dysarthria,male,Session1,16000,2.59,41440,0.047355745,0.5706177
torgo_data/non_dysarthria_male/MC02_Session1_0174.wav,MC02,non_dysarthria,male,Session1,16000,2.715,43440,0.039503638,0.93692017
torgo_data/non_dysarthria_male/MC01_Session1_0312.wav,MC01,non_dysarthria,male,Session1,16000,8.0050625,128081,0.09383977,0.76412964
torgo_data/non_dysarthria_male/MC03_Session1_0596.wav,MC03,non_dysarthria,male,Session1,16000,1.76,28160,0.1249478,0.7996216
torgo_data/non_dysarthria_male/MC01_Session1_0104.wav,MC01,non_dysarthria,male,Session1,16000,2.72,43520,0.050605055,0.56918335
torgo_data/non_dysarthria_male/MC01_Session2_0048.wav,MC01,non_dysarthria,male,Session2,16000,1.2238125,19581,0.010484698,0.1652832
torgo_data/non_dysarthria_male/MC04_Session1_0114.wav,MC04,non_dysarthria,male,Session1,16000,1.38,22080,0.066910654,1.0
torgo_data/non_dysarthria_male/MC03_Session1_0088.wav,MC03,non_dysarthria,male,Session1,16000,1.6000625,25601,0.055970896,1.0
torgo_data/non_dysarthria_male/MC01_Session2_0332.wav,MC01,non_dysarthria,male,Session2,16000,1.770875,28334,0.0115515785,0.12908936
torgo_data/non_dysarthria_male/MC01_Session2_0044.wav,MC01,non_dysarthria,male,Session2,16000,1.958,31328,0.011719828,0.16055298
torgo_data/non_dysarthria_male/MC04_Session1_0579.wav,MC04,non_dysarthria,male,Session1,16000,1.86,29760,0.073398866,1.0
torgo_data/non_dysarthria_male/MC03_Session2_0094.wav,MC03,non_dysarthria,male,Session2,16000,1.5333125,24533,0.009135754,0.2168274
torgo_data/non_dysarthria_male/MC01_Session2_0020.wav,MC01,non_dysarthria,male,Session2,16000,1.3389375,21423,0.0133085195,0.16757202
torgo_data/non_dysarthria_male/MC03_Session2_0108.wav,MC03,non_dysarthria,male,Session2,16000,1.4045625,22473,0.006970446,0.1328125
torgo_data/non_dysarthria_male/MC01_Session3_0162.wav,MC01,non_dysarthria,male,Session3,16000,2.465,39440,0.024129467,0.3297119
torgo_data/non_dysarthria_male/MC01_Session1_0241.wav,MC01,non_dysarthria,male,Session1,16000,2.965,47440,0.040366415,0.7477722
torgo_data/non_dysarthria_male/MC03_Session1_0376.wav,MC03,non_dysarthria,male,Session1,16000,1.855,29680,0.1488988,0.9999695
torgo_data/non_dysarthria_male/MC03_Session1_0587.wav,MC03,non_dysarthria,male,Session1,16000,1.5400625,24641,0.10359939,0.90792847
torgo_data/non_dysarthria_male/MC02_Session2_0061.wav,MC02,non_dysarthria,male,Session2,16000,2.705,43280,0.08676151,0.5715637
torgo_data/non_dysarthria_male/MC03_Session1_0399.wav,MC03,non_dysarthria,male,Session1,16000,1.53,24480,0.1397922,0.95895386
torgo_data/non_dysarthria_male/MC02_Session1_0160.wav,MC02,non_dysarthria,male,Session1,16000,2.485,39760,0.044699732,0.8242798
torgo_data/non_dysarthria_male/MC02_Session2_0015.wav,MC02,non_dysarthria,male,Session2,16000,3.49,55840,0.047797546,0.9999695
torgo_data/non_dysarthria_male/MC02_Session1_0091.wav,MC02,non_dysarthria,male,Session1,16000,3.385,54160,0.033158448,0.8106384
torgo_data/non_dysarthria_male/MC02_Session1_0305.wav,MC02,non_dysarthria,male,Session1,16000,3.115,49840,0.036135275,0.9841919
torgo_data/non_dysarthria_male/MC01_Session2_0286.wav,MC01,non_dysarthria,male,Session2,16000,3.4985,55976,0.021061648,0.18011475
torgo_data/non_dysarthria_male/MC03_Session2_0215.wav,MC03,non_dysarthria,male,Session2,16000,1.629875,26078,0.005380791,0.10470581
torgo_data/non_dysarthria_male/MC02_Session1_0352.wav,MC02,non_dysarthria,male,Session1,16000,2.18,34880,0.053845108,1.0
torgo_data/non_dysarthria_male/MC01_Session1_0164.wav,MC01,non_dysarthria,male,Session1,16000,4.76,76160,0.07744008,0.7025757
torgo_data/non_dysarthria_male/MC01_Session2_0251.wav,MC01,non_dysarthria,male,Session2,16000,2.4043125,38469,0.009498094,0.13989258
torgo_data/non_dysarthria_male/MC01_Session2_0130.wav,MC01,non_dysarthria,male,Session2,16000,1.64125,26260,0.009212526,0.20794678
torgo_data/non_dysarthria_male/MC01_Session3_0186.wav,MC01,non_dysarthria,male,Session3,16000,2.695,43120,0.025821038,0.3260498
torgo_data/non_dysarthria_male/MC03_Session2_0158.wav,MC03,non_dysarthria,male,Session2,16000,2.4945,39912,0.0059484784,0.12652588
torgo_data/non_dysarthria_male/MC04_Session1_0354.wav,MC04,non_dysarthria,male,Session1,16000,1.645,26320,0.12132867,1.0
torgo_data/non_dysarthria_male/MC04_Session1_0212.wav,MC04,non_dysarthria,male,Session1,16000,1.76,28160,0.048324347,1.0
torgo_data/non_dysarthria_male/MC02_Session1_0234.wav,MC02,non_dysarthria,male,Session1,16000,4.615,73840,0.11535513,1.0
torgo_data/non_dysarthria_male/MC01_Session2_0197.wav,MC01,non_dysarthria,male,Session2,16000,2.879375,46070,0.004341525,0.11526489
torgo_data/non_dysarthria_male/MC04_Session1_0506.wav,MC04,non_dysarthria,male,Session1,16000,1.59,25440,0.111272074,1.0
torgo_data/non_dysarthria_male/MC03_Session1_0481.wav,MC03,non_dysarthria,male,Session1,16000,1.635,26160,0.1311046,0.7219238
torgo_data/non_dysarthria_male/MC03_Session1_0424.wav,MC03,non_dysarthria,male,Session1,16000,3.94,63040,0.17825754,0.9999695
torgo_data/non_dysarthria_male/MC01_Session3_0062.wav,MC01,non_dysarthria,male,Session3,16000,2.465,39440,0.034689575,0.407135
torgo_data/non_dysarthria_male/MC04_Session1_0623.wav,MC04,non_dysarthria,male,Session1,16000,1.315,21040,0.13379788,1.0
torgo_data/non_dysarthria_male/MC01_Session3_0188.wav,MC01,non_dysarthria,male,Session3,16000,3.165,50640,0.026964441,0.61505127
torgo_data/non_dysarthria_male/MC03_Session1_0042.wav,MC03,non_dysarthria,male,Session1,16000,1.61,25760,0.059638686,0.8759155
torgo_data/non_dysarthria_male/MC03_Session2_0127.wav,MC03,non_dysarthria,male,Session2,16000,4.2361875,67779,0.015680566,0.19351196
torgo_data/non_dysarthria_male/MC01_Session1_0108.wav,MC01,non_dysarthria,male,Session1,16000,3.2500625,52001,0.03529259,0.42684937
torgo_data/non_dysarthria_male/MC01_Session2_0227.wav,MC01,non_dysarthria,male,Session2,16000,1.8140625,29025,0.009815976,0.11975098
torgo_data/non_dysarthria_male/MC03_Session1_0586.wav,MC03,non_dysarthria,male,Session1,16000,1.63,26080,0.089629434,0.7229309
torgo_data/non_dysarthria_male/MC02_Session1_0268.wav,MC02,non_dysarthria,male,Session1,16000,2.695,43120,0.051391747,1.0
torgo_data/non_dysarthria_male/MC01_Session1_0233.wav,MC01,non_dysarthria,male,Session1,16000,2.89,46240,0.042052727,0.7167053
torgo_data/non_dysarthria_male/MC01_Session2_0191.wav,MC01,non_dysarthria,male,Session2,16000,2.7354375,43767,0.0066833054,0.20184326
torgo_data/non_dysarthria_male/MC02_Session1_0123.wav,MC02,non_dysarthria,male,Session1,16000,2.995,47920,0.03138595,0.4199829
torgo_data/non_dysarthria_male/MC03_Session1_0494.wav,MC03,non_dysarthria,male,Session1,16000,1.615,25840,0.11569031,0.9999695
torgo_data/non_dysarthria_male/MC01_Session1_0034.wav,MC01,non_dysarthria,male,Session1,16000,3.16,50560,0.033378765,0.50704956
torgo_data/non_dysarthria_male/MC02_Session1_0365.wav,MC02,non_dysarthria,male,Session1,16000,2.72,43520,0.05186994,1.0
torgo_data/non_dysarthria_male/MC03_Session1_0485.wav,MC03,non_dysarthria,male,Session1,16000,4.24,67840,0.17355053,1.0
torgo_data/non_dysarthria_male/MC03_Session1_0286.wav,MC03,non_dysarthria,male,Session1,16000,1.44,23040,0.07792904,0.89404297
torgo_data/non_dysarthria_male/MC02_Session1_0023.wav,MC02,non_dysarthria,male,Session1,16000,2.42,38720,0.03258059,0.47335815
torgo_data/non_dysarthria_male/MC01_Session1_0255.wav,MC01,non_dysarthria,male,Session1,16000,2.745,43920,0.032599386,0.5466919
torgo_data/non_dysarthria_male/MC02_Session1_0029.wav,MC02,non_dysarthria,male,Session1,16000,2.77,44320,0.032158278,0.53338623
torgo_data/non_dysarthria_male/MC03_Session1_0283.wav,MC03,non_dysarthria,male,Session1,16000,1.625,26000,0.06285733,0.9999695
torgo_data/non_dysarthria_male/MC03_Session2_0152.wav,MC03,non_dysarthria,male,Session2,16000,1.9776875,31643,0.0070395623,0.12414551
torgo_data/non_dysarthria_male/MC04_Session1_0411.wav,MC04,non_dysarthria,male,Session1,16000,1.545,24720,0.069552496,1.0
torgo_data/non_dysarthria_male/MC01_Session2_0312.wav,MC01,non_dysarthria,male,Session2,16000,4.57825,73252,0.018855521,0.20498657
torgo_data/non_dysarthria_male/MC03_Session1_0266.wav,MC03,non_dysarthria,male,Session1,16000,1.555,24880,0.05499515,0.83132935
torgo_data/non_dysarthria_male/MC01_Session2_0136.wav,MC01,non_dysarthria,male,Session2,16000,1.4685,23496,0.010005535,0.17822266
torgo_data/non_dysarthria_male/MC01_Session2_0135.wav,MC01,non_dysarthria,male,Session2,16000,2.5194375,40311,0.012294711,0.19387817
torgo_data/non_dysarthria_male/MC01_Session2_0267.wav,MC01,non_dysarthria,male,Session2,16000,1.958,31328,0.009074874,0.15881348
torgo_data/non_dysarthria_male/MC03_Session2_0075.wav,MC03,non_dysarthria,male,Session2,16000,2.3530625,37649,0.01989155,0.23348999
torgo_data/non_dysarthria_male/MC01_Session2_0284.wav,MC01,non_dysarthria,male,Session2,16000,1.4829375,23727,0.006424774,0.100250244
torgo_data/non_dysarthria_male/MC02_Session1_0247.wav,MC02,non_dysarthria,male,Session1,16000,6.94,111040,0.024226457,0.083618164
torgo_data/non_dysarthria_male/MC01_Session2_0049.wav,MC01,non_dysarthria,male,Session2,16000,1.209375,19350,0.008645647,0.17297363
torgo_data/non_dysarthria_male/MC04_Session1_0002.wav,MC04,non_dysarthria,male,Session1,16000,3.5700625,57121,0.013842637,0.10040283
torgo_data/non_dysarthria_male/MC01_Session2_0001.wav,MC01,non_dysarthria,male,Session2,16000,1.5116875,24187,0.01458702,0.28604126
torgo_data/non_dysarthria_male/MC01_Session1_0204.wav,MC01,non_dysarthria,male,Session1,16000,2.845,45520,0.051855456,0.9621277
torgo_data/non_dysarthria_male/MC02_Session2_0028.wav,MC02,non_dysarthria,male,Session2,16000,5.17,82720,0.07023555,0.897522
torgo_data/non_dysarthria_male/MC02_Session2_0074.wav,MC02,non_dysarthria,male,Session2,16000,2.66,42560,0.1281626,0.7585144
torgo_data/non_dysarthria_male/MC01_Session3_0330.wav,MC01,non_dysarthria,male,Session3,16000,2.255,36080,0.025075393,0.47750854
torgo_data/non_dysarthria_male/MC02_Session1_0047.wav,MC02,non_dysarthria,male,Session1,16000,2.465,39440,0.05109528,0.9745178
torgo_data/non_dysarthria_male/MC02_Session1_0095.wav,MC02,non_dysarthria,male,Session1,16000,2.85,45600,0.029887551,0.81069946
torgo_data/non_dysarthria_male/MC02_Session1_0275.wav,MC02,non_dysarthria,male,Session1,16000,3.035,48560,0.0463086,0.9999695
torgo_data/non_dysarthria_male/MC03_Session1_0500.wav,MC03,non_dysarthria,male,Session1,16000,1.765,28240,0.10912521,0.9132385
torgo_data/non_dysarthria_male/MC04_Session1_0540.wav,MC04,non_dysarthria,male,Session1,16000,3.025,48400,0.19392382,1.0
torgo_data/non_dysarthria_male/MC04_Session1_0275.wav,MC04,non_dysarthria,male,Session1,16000,1.925,30800,0.06786541,1.0
torgo_data/non_dysarthria_male/MC01_Session3_0126.wav,MC01,non_dysarthria,male,Session3,16000,2.595,41520,0.02209856,0.4718628
torgo_data/non_dysarthria_male/MC01_Session1_0049.wav,MC01,non_dysarthria,male,Session1,16000,3.015,48240,0.04000245,0.47155762
torgo_data/non_dysarthria_male/MC01_Session1_0064.wav,MC01,non_dysarthria,male,Session1,16000,3.025,48400,0.02522871,0.63082886
torgo_data/non_dysarthria_male/MC03_Session1_0063.wav,MC03,non_dysarthria,male,Session1,16000,2.5,40000,0.06628124,0.9999695
torgo_data/non_dysarthria_male/MC01_Session3_0163.wav,MC01,non_dysarthria,male,Session3,16000,3.685,58960,0.060178265,0.35824585
torgo_data/non_dysarthria_male/MC01_Session1_0320.wav,MC01,non_dysarthria,male,Session1,16000,2.645,42320,0.035043735,0.7992554
torgo_data/non_dysarthria_male/MC03_Session2_0189.wav,MC03,non_dysarthria,male,Session2,16000,3.0210625,48337,0.020856785,0.17730713
torgo_data/non_dysarthria_male/MC02_Session1_0177.wav,MC02,non_dysarthria,male,Session1,16000,4.255,68080,0.06817264,0.7440491
torgo_data/non_dysarthria_male/MC04_Session1_0296.wav,MC04,non_dysarthria,male,Session1,16000,1.785,28560,0.06630467,1.0
torgo_data/non_dysarthria_male/MC04_Session1_0302.wav,MC04,non_dysarthria,male,Session1,16000,1.51,24160,0.07375724,1.0
torgo_data/non_dysarthria_male/MC01_Session1_0031.wav,MC01,non_dysarthria,male,Session1,16000,3.16,50560,0.03449054,0.592865
torgo_data/non_dysarthria_male/MC04_Session1_0238.wav,MC04,non_dysarthria,male,Session1,16000,1.38,22080,0.057963308,1.0
torgo_data/non_dysarthria_male/MC01_Session3_0107.wav,MC01,non_dysarthria,male,Session3,16000,2.54,40640,0.020788198,0.35650635
torgo_data/non_dysarthria_male/MC01_Session1_0022.wav,MC01,non_dysarthria,male,Session1,16000,3.145,50320,0.026947794,0.46310425
torgo_data/non_dysarthria_male/MC03_Session1_0351.wav,MC03,non_dysarthria,male,Session1,16000,1.5,24000,0.096694745,0.9999695
torgo_data/non_dysarthria_male/MC03_Session2_0061.wav,MC03,non_dysarthria,male,Session2,16000,3.3095,52952,0.020095514,0.25164795
torgo_data/non_dysarthria_male/MC04_Session1_0171.wav,MC04,non_dysarthria,male,Session1,16000,1.93,30880,0.100210115,1.0
torgo_data/non_dysarthria_male/MC03_Session2_0168.wav,MC03,non_dysarthria,male,Session2,16000,2.95875,47340,0.025520412,0.30117798
torgo_data/non_dysarthria_male/MC02_Session1_0239.wav,MC02,non_dysarthria,male,Session1,16000,4.955,79280,0.13342933,1.0
torgo_data/non_dysarthria_male/MC04_Session1_0186.wav,MC04,non_dysarthria,male,Session1,16000,1.755,28080,0.06374309,1.0
torgo_data/non_dysarthria_male/MC01_Session3_0270.wav,MC01,non_dysarthria,male,Session3,16000,2.005,32080,0.024616113,0.46957397
torgo_data/non_dysarthria_male/MC02_Session2_0068.wav,MC02,non_dysarthria,male,Session2,16000,2.94,47040,0.040393617,0.5727844
torgo_data/non_dysarthria_male/MC01_Session1_0088.wav,MC01,non_dysarthria,male,Session1,16000,3.04,48640,0.041852307,0.5386658
torgo_data/non_dysarthria_male/MC03_Session1_0312.wav,MC03,non_dysarthria,male,Session1,16000,4.8850625,78161,0.1547756,1.0
torgo_data/non_dysarthria_male/MC03_Session1_0053.wav,MC03,non_dysarthria,male,Session1,16000,1.53,24480,0.087187074,0.9999695
torgo_data/non_dysarthria_male/MC02_Session1_0166.wav,MC02,non_dysarthria,male,Session1,16000,3.285,52560,0.032015797,0.74472046
torgo_data/non_dysarthria_male/MC01_Session2_0192.wav,MC01,non_dysarthria,male,Session2,16000,3.5704375,57127,0.013562201,0.18774414
torgo_data/non_dysarthria_male/MC03_Session2_0148.wav,MC03,non_dysarthria,male,Session2,16000,1.584375,25350,0.011260713,0.30950928
torgo_data/non_dysarthria_male/MC04_Session1_0150.wav,MC04,non_dysarthria,male,Session1,16000,1.64,26240,0.08683292,1.0
torgo_data/non_dysarthria_male/MC03_Session2_0066.wav,MC03,non_dysarthria,male,Session2,16000,1.928,30848,0.0068839504,0.14788818
torgo_data/non_dysarthria_male/MC02_Session1_0060.wav,MC02,non_dysarthria,male,Session1,16000,2.96,47360,0.040452246,0.9999695
torgo_data/non_dysarthria_male/MC03_Session1_0076.wav,MC03,non_dysarthria,male,Session1,16000,5.055,80880,0.1291145,0.9999695
torgo_data/non_dysarthria_male/MC01_Session3_0154.wav,MC01,non_dysarthria,male,Session3,16000,2.665,42640,0.028565105,0.32577515
torgo_data/non_dysarthria_male/MC03_Session1_0584.wav,MC03,non_dysarthria,male,Session1,16000,1.8850625,30161,0.09960976,0.9999695
torgo_data/non_dysarthria_male/MC04_Session1_0034.wav,MC04,non_dysarthria,male,Session1,16000,2.1,33600,0.07616808,1.0
torgo_data/non_dysarthria_male/MC01_Session2_0194.wav,MC01,non_dysarthria,male,Session2,16000,2.13075,34092,0.00956098,0.15457153
torgo_data/non_dysarthria_male/MC04_Session1_0403.wav,MC04,non_dysarthria,male,Session1,16000,1.885,30160,0.07805387,1.0
torgo_data/non_dysarthria_male/MC04_Session1_0424.wav,MC04,non_dysarthria,male,Session1,16000,2.89,46240,0.13733833,1.0
torgo_data/non_dysarthria_male/MC03_Session1_0136.wav,MC03,non_dysarthria,male,Session1,16000,3.095,49520,0.1734678,0.9999695
torgo_data/non_dysarthria_male/MC01_Session1_0259.wav,MC01,non_dysarthria,male,Session1,16000,4.09,65440,0.068088725,0.70910645
torgo_data/non_dysarthria_male/MC02_Session1_0295.wav,MC02,non_dysarthria,male,Session1,16000,2.525,40400,0.04666892,0.9999695
torgo_data/non_dysarthria_male/MC03_Session1_0173.wav,MC03,non_dysarthria,male,Session1,16000,1.585,25360,0.074642554,1.0
torgo_data/non_dysarthria_male/MC03_Session1_0084.wav,MC03,non_dysarthria,male,Session1,16000,1.29,20640,0.08472337,0.9999695
torgo_data/non_dysarthria_male/MC01_Session1_0159.wav,MC01,non_dysarthria,male,Session1,16000,2.92,46720,0.037328903,0.6229553
torgo_data/non_dysarthria_male/MC01_Session3_0013.wav,MC01,non_dysarthria,male,Session3,16000,2.86,45760,0.032074258,0.42404175
torgo_data/non_dysarthria_male/MC02_Session1_0238.wav,MC02,non_dysarthria,male,Session1,16000,3.03,48480,0.04949613,1.0
torgo_data/non_dysarthria_male/MC03_Session1_0581.wav,MC03,non_dysarthria,male,Session1,16000,1.605,25680,0.09988298,0.9958496
torgo_data/non_dysarthria_male/MC01_Session2_0226.wav,MC01,non_dysarthria,male,Session2,16000,2.1451875,34323,0.008792954,0.18649292
torgo_data/non_dysarthria_male/MC04_Session1_0227.wav,MC04,non_dysarthria,male,Session1,16000,2.6549375,42479,0.15102908,1.0
torgo_data/non_dysarthria_male/MC04_Session1_0530.wav,MC04,non_dysarthria,male,Session1,16000,1.36,21760,0.11286874,1.0
torgo_data/non_dysarthria_male/MC04_Session1_0622.wav,MC04,non_dysarthria,male,Session1,16000,1.685,26960,0.10651565,1.0
torgo_data/non_dysarthria_male/MC04_Session1_0020.wav,MC04,non_dysarthria,male,Session1,16000,2.03,32480,0.07550633,0.9117737
torgo_data/non_dysarthria_male/MC02_Session1_0323.wav,MC02,non_dysarthria,male,Session1,16000,2.705,43280,0.07001505,1.0
torgo_data/non_dysarthria_male/MC01_Session2_0355.wav,MC01,non_dysarthria,male,Session2,16000,3.5416875,56667,0.020280246,0.20822144
torgo_data/non_dysarthria_male/MC04_Session1_0371.wav,MC04,non_dysarthria,male,Session1,16000,1.27,20320,0.05781267,1.0
torgo_data/non_dysarthria_male/MC03_Session1_0362.wav,MC03,non_dysarthria,male,Session1,16000,1.635,26160,0.15346642,0.9999695
torgo_data/non_dysarthria_male/MC01_Session1_0166.wav,MC01,non_dysarthria,male,Session1,16000,2.7500625,44001,0.035502214,0.8789978
torgo_data/non_dysarthria_male/MC02_Session2_0029.wav,MC02,non_dysarthria,male,Session2,16000,2.775,44400,0.039926562,0.9282837
torgo_data/non_dysarthria_male/MC01_Session1_0260.wav,MC01,non_dysarthria,male,Session1,16000,4.185,66960,0.07080045,0.6678772
torgo_data/non_dysarthria_male/MC01_Session1_0239.wav,MC01,non_dysarthria,male,Session1,16000,3.2100625,51361,0.039049555,0.7219238
torgo_data/non_dysarthria_male/MC03_Session1_0016.wav,MC03,non_dysarthria,male,Session1,16000,1.63,26080,0.058160767,0.97125244
torgo_data/non_dysarthria_male/MC02_Session1_0366.wav,MC02,non_dysarthria,male,Session1,16000,2.575,41200,0.056291934,1.0
torgo_data/non_dysarthria_male/MC03_Session1_0394.wav,MC03,non_dysarthria,male,Session1,16000,2.105,33680,0.13878919,0.9985962
torgo_data/non_dysarthria_male/MC02_Session2_0043.wav,MC02,non_dysarthria,male,Session2,16000,4.665,74640,0.12016834,0.90908813
torgo_data/non_dysarthria_male/MC01_Session3_0235.wav,MC01,non_dysarthria,male,Session3,16000,2.4,38400,0.027099691,0.39855957
torgo_data/non_dysarthria_male/MC04_Session1_0333.wav,MC04,non_dysarthria,male,Session1,16000,2.8,44800,0.20088416,1.0
torgo_data/non_dysarthria_male/MC03_Session2_0024.wav,MC03,non_dysarthria,male,Session2,16000,1.88975,30236,0.007229886,0.21459961
torgo_data/non_dysarthria_male/MC01_Session1_0301.wav,MC01,non_dysarthria,male,Session1,16000,2.535,40560,0.052069217,0.592041
torgo_data/non_dysarthria_male/MC04_Session1_0362.wav,MC04,non_dysarthria,male,Session1,16000,1.475,23600,0.08772107,1.0
torgo_data/non_dysarthria_male/MC04_Session1_0529.wav,MC04,non_dysarthria,male,Session1,16000,1.3799375,22079,0.11902562,1.0
torgo_data/non_dysarthria_male/MC02_Session1_0001.wav,MC02,non_dysarthria,male,Session1,16000,10.115,161840,0.079803765,0.89675903
torgo_data/non_dysarthria_male/MC04_Session1_0325.wav,MC04,non_dysarthria,male,Session1,16000,3.185,50960,0.19618927,1.0
torgo_data/non_dysarthria_male/MC02_Session2_0009.wav,MC02,non_dysarthria,male,Session2,16000,4.21,67360,0.08729526,1.0
torgo_data/non_dysarthria_male/MC02_Session1_0075.wav,MC02,non_dysarthria,male,Session1,16000,2.585,41360,0.036991686,0.80340576
torgo_data/non_dysarthria_male/MC02_Session1_0161.wav,MC02,non_dysarthria,male,Session1,16000,4.555,72880,0.094665244,1.0
torgo_data/non_dysarthria_male/MC01_Session2_0331.wav,MC01,non_dysarthria,male,Session2,16000,1.6845,26952,0.0070308605,0.11972046
torgo_data/non_dysarthria_male/MC03_Session2_0104.wav,MC03,non_dysarthria,male,Session2,16000,2.5058125,40093,0.016279835,0.18865967
torgo_data/non_dysarthria_male/MC03_Session2_0192.wav,MC03,non_dysarthria,male,Session2,16000,4.6613125,74581,0.01696532,0.17807007
torgo_data/non_dysarthria_male/MC03_Session1_0186.wav,MC03,non_dysarthria,male,Session1,16000,1.575,25200,0.055605084,0.6295166
torgo_data/non_dysarthria_male/MC04_Session1_0051.wav,MC04,non_dysarthria,male,Session1,16000,2.4,38400,0.052805718,1.0
torgo_data/non_dysarthria_male/MC03_Session1_0082.wav,MC03,non_dysarthria,male,Session1,16000,5.025,80400,0.13795814,1.0
torgo_data/non_dysarthria_male/MC04_Session1_0223.wav,MC04,non_dysarthria,male,Session1,16000,1.765,28240,0.066201314,1.0
torgo_data/non_dysarthria_male/MC04_Session1_0519.wav,MC04,non_dysarthria,male,Session1,16000,1.665,26640,0.07387986,1.0
torgo_data/non_dysarthria_male/MC01_Session3_0060.wav,MC01,non_dysarthria,male,Session3,16000,2.59,41440,0.031787243,0.3545227
torgo_data/non_dysarthria_male/MC03_Session1_0113.wav,MC03,non_dysarthria,male,Session1,16000,5.425,86800,0.25955358,1.0
torgo_data/non_dysarthria_male/MC01_Session3_0079.wav,MC01,non_dysarthria,male,Session3,16000,2.74,43840,0.023617664,0.2869873
torgo_data/non_dysarthria_male/MC01_Session1_0158.wav,MC01,non_dysarthria,male,Session1,16000,2.845,45520,0.039732583,0.5899658
torgo_data/non_dysarthria_male/MC04_Session1_0583.wav,MC04,non_dysarthria,male,Session1,16000,1.84,29440,0.05270443,1.0
torgo_data/non_dysarthria_male/MC01_Session1_0269.wav,MC01,non_dysarthria,male,Session1,16000,2.82,45120,0.0413184,0.5939026
torgo_data/non_dysarthria_male/MC01_Session2_0150.wav,MC01,non_dysarthria,male,Session2,16000,1.958,31328,0.005914253,0.13098145
torgo_data/non_dysarthria_male/MC03_Session1_0271.wav,MC03,non_dysarthria,male,Session1,16000,1.475,23600,0.06511738,1.0
torgo_data/non_dysarthria_male/MC01_Session1_0041.wav,MC01,non_dysarthria,male,Session1,16000,3.205,51280,0.037549388,0.49978638
torgo_data/non_dysarthria_male/MC01_Session3_0347.wav,MC01,non_dysarthria,male,Session3,16000,2.37,37920,0.025957406,0.5262451
torgo_data/non_dysarthria_male/MC03_Session1_0231.wav,MC03,non_dysarthria,male,Session1,16000,1.835,29360,0.06433274,0.92129517
torgo_data/non_dysarthria_male/MC03_Session2_0224.wav,MC03,non_dysarthria,male,Session2,16000,1.4534375,23255,0.009626612,0.2001648
torgo_data/non_dysarthria_male/MC01_Session2_0225.wav,MC01,non_dysarthria,male,Session2,16000,2.0588125,32941,0.011116173,0.14367676
torgo_data/non_dysarthria_male/MC01_Session1_0098.wav,MC01,non_dysarthria,male,Session1,16000,2.97,47520,0.035629068,0.58547974
torgo_data/non_dysarthria_male/MC02_Session1_0187.wav,MC02,non_dysarthria,male,Session1,16000,2.73,43680,0.051431894,0.59906006
torgo_data/non_dysarthria_male/MC01_Session2_0310.wav,MC01,non_dysarthria,male,Session2,16000,4.275875,68414,0.020246489,0.17370605
torgo_data/non_dysarthria_male/MC01_Session3_0242.wav,MC01,non_dysarthria,male,Session3,16000,2.24,35840,0.026249316,0.37191772
torgo_data/non_dysarthria_male/MC01_Session2_0077.wav,MC01,non_dysarthria,male,Session2,16000,3.3689375,53903,0.021349931,0.19967651
torgo_data/non_dysarthria_male/MC03_Session1_0414.wav,MC03,non_dysarthria,male,Session1,16000,1.845,29520,0.12815066,0.83703613
torgo_data/non_dysarthria_male/MC04_Session1_0471.wav,MC04,non_dysarthria,male,Session1,16000,3.635,58160,0.23379001,1.0
torgo_data/non_dysarthria_male/MC01_Session2_0256.wav,MC01,non_dysarthria,male,Session2,16000,4.2759375,68415,0.023785591,0.1862793
torgo_data/non_dysarthria_male/MC04_Session1_0085.wav,MC04,non_dysarthria,male,Session1,16000,1.82,29120,0.09765182,1.0
torgo_data/non_dysarthria_male/MC01_Session1_0317.wav,MC01,non_dysarthria,male,Session1,16000,2.66,42560,0.046788167,0.63345337
torgo_data/non_dysarthria_male/MC02_Session1_0069.wav,MC02,non_dysarthria,male,Session1,16000,2.8100625,44961,0.032545086,0.7555542
torgo_data/non_dysarthria_male/MC04_Session1_0537.wav,MC04,non_dysarthria,male,Session1,16000,1.225,19600,0.16660331,1.0
torgo_data/non_dysarthria_male/MC03_Session2_0125.wav,MC03,non_dysarthria,male,Session2,16000,1.6518125,26429,0.0060293633,0.089660645
torgo_data/non_dysarthria_male/MC03_Session1_0569.wav,MC03,non_dysarthria,male,Session1,16000,6.455,103280,0.1477804,1.0
torgo_data/non_dysarthria_male/MC03_Session1_0203.wav,MC03,non_dysarthria,male,Session1,16000,1.7,27200,0.06655039,0.9999695
torgo_data/non_dysarthria_male/MC03_Session1_0488.wav,MC03,non_dysarthria,male,Session1,16000,1.71,27360,0.12095605,0.81832886
torgo_data/non_dysarthria_male/MC01_Session1_0327.wav,MC01,non_dysarthria,male,Session1,16000,5.15,82400,0.100857005,0.70373535
torgo_data/non_dysarthria_male/MC03_Session1_0473.wav,MC03,non_dysarthria,male,Session1,16000,1.72,27520,0.14032784,0.8051758
torgo_data/non_dysarthria_male/MC01_Session3_0040.wav,MC01,non_dysarthria,male,Session3,16000,2.835,45360,0.017289858,0.38598633
torgo_data/non_dysarthria_male/MC03_Session1_0210.wav,MC03,non_dysarthria,male,Session1,16000,1.455,23280,0.06312615,0.93292236
torgo_data/non_dysarthria_male/MC04_Session1_0079.wav,MC04,non_dysarthria,male,Session1,16000,1.885,30160,0.07272058,1.0
torgo_data/non_dysarthria_male/MC03_Session1_0185.wav,MC03,non_dysarthria,male,Session1,16000,1.3800625,22081,0.050797787,0.62628174
torgo_data/non_dysarthria_male/MC01_Session1_0058.wav,MC01,non_dysarthria,male,Session1,16000,2.78,44480,0.04531349,0.48217773
torgo_data/non_dysarthria_male/MC03_Session2_0140.wav,MC03,non_dysarthria,male,Session2,16000,2.4720625,39553,0.00433506,0.12261963
torgo_data/non_dysarthria_male/MC03_Session2_0098.wav,MC03,non_dysarthria,male,Session2,16000,1.2979375,20767,0.008779447,0.24957275
torgo_data/non_dysarthria_male/MC03_Session1_0224.wav,MC03,non_dysarthria,male,Session1,16000,1.615,25840,0.052894298,0.82907104
torgo_data/non_dysarthria_male/MC03_Session1_0052.wav,MC03,non_dysarthria,male,Session1,16000,3.75,60000,0.14056759,0.9999695
torgo_data/non_dysarthria_male/MC03_Session1_0517.wav,MC03,non_dysarthria,male,Session1,16000,1.78,28480,0.10286342,0.92318726
torgo_data/non_dysarthria_male/MC04_Session1_0534.wav,MC04,non_dysarthria,male,Session1,16000,4.395,70320,0.23536295,1.0
torgo_data/non_dysarthria_male/MC03_Session1_0370.wav,MC03,non_dysarthria,male,Session1,16000,1.655,26480,0.13778475,0.9999695
torgo_data/non_dysarthria_male/MC03_Session1_0447.wav,MC03,non_dysarthria,male,Session1,16000,1.62,25920,0.14048173,0.868103
torgo_data/non_dysarthria_male/MC01_Session3_0145.wav,MC01,non_dysarthria,male,Session3,16000,2.51,40160,0.02446241,0.3013916
torgo_data/non_dysarthria_male/MC01_Session2_0080.wav,MC01,non_dysarthria,male,Session2,16000,1.5836875,25339,0.007860281,0.26327515
torgo_data/non_dysarthria_male/MC02_Session1_0279.wav,MC02,non_dysarthria,male,Session1,16000,3.265,52240,0.06586945,1.0
torgo_data/non_dysarthria_male/MC01_Session3_0278.wav,MC01,non_dysarthria,male,Session3,16000,2.43,38880,0.025859134,0.43701172
torgo_data/non_dysarthria_male/MC02_Session1_0019.wav,MC02,non_dysarthria,male,Session1,16000,2.375,38000,0.047793288,0.7689514
torgo_data/non_dysarthria_male/MC04_Session1_0450.wav,MC04,non_dysarthria,male,Session1,16000,1.675,26800,0.114925005,1.0
torgo_data/non_dysarthria_male/MC03_Session1_0338.wav,MC03,non_dysarthria,male,Session1,16000,1.64,26240,0.11396952,0.9999695
torgo_data/non_dysarthria_male/MC02_Session1_0327.wav,MC02,non_dysarthria,male,Session1,16000,2.6900625,43041,0.0623749,1.0
torgo_data/non_dysarthria_male/MC04_Session1_0372.wav,MC04,non_dysarthria,male,Session1,16000,1.3699375,21919,0.077742785,1.0
torgo_data/non_dysarthria_male/MC01_Session2_0091.wav,MC01,non_dysarthria,male,Session2,16000,3.7144375,59431,0.017975023,0.22738647
torgo_data/non_dysarthria_male/MC03_Session2_0211.wav,MC03,non_dysarthria,male,Session2,16000,1.6195,25912,0.00889724,0.19006348
torgo_data/non_dysarthria_male/MC03_Session2_0122.wav,MC03,non_dysarthria,male,Session2,16000,1.7529375,28047,0.008498006,0.17095947
torgo_data/non_dysarthria_male/MC03_Session2_0212.wav,MC03,non_dysarthria,male,Session2,16000,1.7751875,28403,0.009545742,0.18206787
torgo_data/non_dysarthria_male/MC02_Session2_0048.wav,MC02,non_dysarthria,male,Session2,16000,4.595,73520,0.06777625,0.7844238
torgo_data/non_dysarthria_male/MC01_Session2_0243.wav,MC01,non_dysarthria,male,Session2,16000,4.0888125,65421,0.022061743,0.1734314
torgo_data/non_dysarthria_male/MC04_Session1_0257.wav,MC04,non_dysarthria,male,Session1,16000,4.64,74240,0.253539,1.0
torgo_data/non_dysarthria_male/MC01_Session2_0204.wav,MC01,non_dysarthria,male,Session2,16000,2.5195,40312,0.008720922,0.18399048
torgo_data/non_dysarthria_male/MC03_Session1_0241.wav,MC03,non_dysarthria,male,Session1,16000,1.73,27680,0.0626813,0.9999695
torgo_data/non_dysarthria_male/MC01_Session3_0045.wav,MC01,non_dysarthria,male,Session3,16000,4.035,64560,0.049166474,0.48397827
torgo_data/non_dysarthria_male/MC01_Session1_0155.wav,MC01,non_dysarthria,male,Session1,16000,3.1700625,50721,0.037766375,0.667511
torgo_data/non_dysarthria_male/MC03_Session2_0070.wav,MC03,non_dysarthria,male,Session2,16000,3.4385,55016,0.024900328,0.19894409
torgo_data/non_dysarthria_male/MC01_Session1_0257.wav,MC01,non_dysarthria,male,Session1,16000,2.6250625,42001,0.03852335,0.7045288
torgo_data/non_dysarthria_male/MC03_Session2_0184.wav,MC03,non_dysarthria,male,Session2,16000,4.194125,67106,0.017143957,0.33270264
torgo_data/non_dysarthria_male/MC03_Session1_0514.wav,MC03,non_dysarthria,male,Session1,16000,1.795,28720,0.11219004,0.9715576
torgo_data/non_dysarthria_male/MC02_Session2_0064.wav,MC02,non_dysarthria,male,Session2,16000,2.855,45680,0.034797642,0.8178711
torgo_data/non_dysarthria_male/MC03_Session2_0026.wav,MC03,non_dysarthria,male,Session2,16000,1.9126875,30603,0.0076517155,0.13104248
torgo_data/non_dysarthria_male/MC01_Session2_0207.wav,MC01,non_dysarthria,male,Session2,16000,1.770875,28334,0.008092661,0.13925171
torgo_data/non_dysarthria_male/MC03_Session1_0250.wav,MC03,non_dysarthria,male,Session1,16000,1.62,25920,0.04289833,0.6055908
torgo_data/non_dysarthria_male/MC04_Session1_0437.wav,MC04,non_dysarthria,male,Session1,16000,1.59,25440,0.092702426,1.0
torgo_data/non_dysarthria_male/MC02_Session1_0170.wav,MC02,non_dysarthria,male,Session1,16000,4.755,76080,0.084694676,0.9999695
torgo_data/non_dysarthria_male/MC04_Session1_0360.wav,MC04,non_dysarthria,male,Session1,16000,1.5149375,24239,0.095219135,1.0
torgo_data/non_dysarthria_male/MC01_Session3_0297.wav,MC01,non_dysarthria,male,Session3,16000,1.88,30080,0.032897804,0.57022095
torgo_data/non_dysarthria_male/MC01_Session2_0095.wav,MC01,non_dysarthria,male,Session2,16000,1.5836875,25339,0.010290717,0.16842651
torgo_data/non_dysarthria_male/MC01_Session2_0061.wav,MC01,non_dysarthria,male,Session2,16000,2.4475,39160,0.006752295,0.22991943
torgo_data/non_dysarthria_male/MC03_Session1_0282.wav,MC03,non_dysarthria,male,Session1,16000,3.325,53200,0.121187374,1.0
torgo_data/non_dysarthria_male/MC03_Session1_0597.wav,MC03,non_dysarthria,male,Session1,16000,3.395,54320,0.16056553,0.9999695
torgo_data/non_dysarthria_male/MC03_Session2_0133.wav,MC03,non_dysarthria,male,Session2,16000,1.550625,24810,0.010581795,0.19299316
torgo_data/non_dysarthria_male/MC02_Session2_0016.wav,MC02,non_dysarthria,male,Session2,16000,3.2,51200,0.03524978,0.58480835
torgo_data/non_dysarthria_male/MC03_Session1_0558.wav,MC03,non_dysarthria,male,Session1,16000,3.235,51760,0.16138636,0.97662354
torgo_data/non_dysarthria_male/MC04_Session1_0088.wav,MC04,non_dysarthria,male,Session1,16000,1.645,26320,0.09803553,1.0
torgo_data/non_dysarthria_male/MC03_Session1_0166.wav,MC03,non_dysarthria,male,Session1,16000,1.42,22720,0.061172813,0.8015137
torgo_data/non_dysarthria_male/MC02_Session1_0145.wav,MC02,non_dysarthria,male,Session1,16000,4.16,66560,0.072415285,0.9999695
torgo_data/non_dysarthria_male/MC04_Session1_0082.wav,MC04,non_dysarthria,male,Session1,16000,1.47,23520,0.115917206,1.0
torgo_data/non_dysarthria_male/MC02_Session1_0074.wav,MC02,non_dysarthria,male,Session1,16000,5.3600625,85761,0.08982917,0.5413208
torgo_data/non_dysarthria_male/MC01_Session2_0131.wav,MC01,non_dysarthria,male,Session2,16000,2.03,32480,0.0057130717,0.16415405
torgo_data/non_dysarthria_male/MC03_Session1_0273.wav,MC03,non_dysarthria,male,Session1,16000,3.135,50160,0.0971514,0.9999695
torgo_data/non_dysarthria_male/MC03_Session1_0043.wav,MC03,non_dysarthria,male,Session1,16000,1.44,23040,0.06276333,0.98638916
torgo_data/non_dysarthria_male/MC01_Session1_0196.wav,MC01,non_dysarthria,male,Session1,16000,2.715,43440,0.04196397,0.7826843
torgo_data/non_dysarthria_male/MC03_Session2_0185.wav,MC03,non_dysarthria,male,Session2,16000,3.955375,63286,0.022162909,0.25186157
torgo_data/non_dysarthria_male/MC01_Session3_0017.wav,MC01,non_dysarthria,male,Session3,16000,2.175,34800,0.031395346,0.47317505
torgo_data/non_dysarthria_male/MC01_Session2_0245.wav,MC01,non_dysarthria,male,Session2,16000,2.015625,32250,0.012234386,0.12802124
torgo_data/non_dysarthria_male/MC03_Session1_0430.wav,MC03,non_dysarthria,male,Session1,16000,1.895,30320,0.12819707,0.8128662
torgo_data/non_dysarthria_male/MC01_Session1_0042.wav,MC01,non_dysarthria,male,Session1,16000,3.1900625,51041,0.036485177,0.5212097
torgo_data/non_dysarthria_male/MC01_Session2_0205.wav,MC01,non_dysarthria,male,Session2,16000,2.0588125,32941,0.007546766,0.14144897
torgo_data/non_dysarthria_male/MC03_Session2_0006.wav,MC03,non_dysarthria,male,Session2,16000,3.25225,52036,0.016724354,0.2420044
torgo_data/non_dysarthria_male/MC03_Session1_0429.wav,MC03,non_dysarthria,male,Session1,16000,1.585,25360,0.14357007,0.88131714
torgo_data/non_dysarthria_male/MC01_Session2_0089.wav,MC01,non_dysarthria,male,Session2,16000,1.8571875,29715,0.008909727,0.21536255
torgo_data/non_dysarthria_male/MC03_Session1_0197.wav,MC03,non_dysarthria,male,Session1,16000,1.725,27600,0.06597331,0.9999695
torgo_data/non_dysarthria_male/MC03_Session1_0129.wav,MC03,non_dysarthria,male,Session1,16000,3.16,50560,0.15396337,1.0
torgo_data/non_dysarthria_male/MC01_Session2_0361.wav,MC01,non_dysarthria,male,Session2,16000,1.5405,24648,0.010641242,0.14852905
torgo_data/non_dysarthria_male/MC01_Session2_0311.wav,MC01,non_dysarthria,male,Session2,16000,2.3755625,38009,0.005110915,0.13800049
torgo_data/non_dysarthria_male/MC04_Session1_0102.wav,MC04,non_dysarthria,male,Session1,16000,1.4350625,22961,0.12247701,1.0
torgo_data/non_dysarthria_male/MC02_Session1_0131.wav,MC02,non_dysarthria,male,Session1,16000,4.31,68960,0.09480626,0.87646484
torgo_data/non_dysarthria_male/MC04_Session1_0488.wav,MC04,non_dysarthria,male,Session1,16000,1.47,23520,0.09110727,1.0
torgo_data/non_dysarthria_male/MC02_Session1_0321.wav,MC02,non_dysarthria,male,Session1,16000,2.61,41760,0.06541472,0.9798889
torgo_data/non_dysarthria_male/MC01_Session1_0119.wav,MC01,non_dysarthria,male,Session1,16000,3.325,53200,0.043171212,0.5383911
torgo_data/non_dysarthria_male/MC04_Session1_0095.wav,MC04,non_dysarthria,male,Session1,16000,1.44,23040,0.058662854,1.0
torgo_data/non_dysarthria_male/MC01_Session1_0238.wav,MC01,non_dysarthria,male,Session1,16000,2.98,47680,0.034814827,0.5480957
torgo_data/non_dysarthria_male/MC02_Session1_0032.wav,MC02,non_dysarthria,male,Session1,16000,4.42,70720,0.11302362,1.0
torgo_data/non_dysarthria_male/MC03_Session1_0144.wav,MC03,non_dysarthria,male,Session1,16000,1.53,24480,0.0886505,0.9999695
torgo_data/non_dysarthria_male/MC04_Session1_0041.wav,MC04,non_dysarthria,male,Session1,16000,1.595,25520,0.086999305,1.0
torgo_data/non_dysarthria_male/MC01_Session3_0382.wav,MC01,non_dysarthria,male,Session3,16000,3.65,58400,0.052094903,0.59176636
torgo_data/non_dysarthria_male/MC04_Session1_0509.wav,MC04,non_dysarthria,male,Session1,16000,1.43,22880,0.10700103,1.0
torgo_data/non_dysarthria_male/MC03_Session1_0570.wav,MC03,non_dysarthria,male,Session1,16000,2.22,35520,0.11618713,0.9999695
torgo_data/non_dysarthria_male/MC04_Session1_0474.wav,MC04,non_dysarthria,male,Session1,16000,1.52,24320,0.1291523,1.0
torgo_data/non_dysarthria_male/MC04_Session1_0347.wav,MC04,non_dysarthria,male,Session1,16000,3.245,51920,0.17481472,1.0
torgo_data/non_dysarthria_male/MC01_Session1_0051.wav,MC01,non_dysarthria,male,Session1,16000,2.875,46000,0.04204314,0.6784668
torgo_data/non_dysarthria_male/MC03_Session2_0030.wav,MC03,non_dysarthria,male,Session2,16000,1.683625,26938,0.005217733,0.13253784
torgo_data/non_dysarthria_male/MC04_Session1_0149.wav,MC04,non_dysarthria,male,Session1,16000,3.42,54720,0.16830629,1.0
torgo_data/non_dysarthria_male/MC01_Session1_0266.wav,MC01,non_dysarthria,male,Session1,16000,2.58,41280,0.026395122,0.62905884
torgo_data/non_dysarthria_male/MC01_Session2_0133.wav,MC01,non_dysarthria,male,Session2,16000,2.2171875,35475,0.010708801,0.19863892
torgo_data/non_dysarthria_male/MC01_Session2_0327.wav,MC01,non_dysarthria,male,Session2,16000,1.6988125,27181,0.012109157,0.13330078
torgo_data/non_dysarthria_male/MC04_Session1_0148.wav,MC04,non_dysarthria,male,Session1,16000,2.92,46720,0.21068558,1.0
torgo_data/non_dysarthria_male/MC01_Session3_0363.wav,MC01,non_dysarthria,male,Session3,16000,2.275,36400,0.023440791,0.45666504
torgo_data/non_dysarthria_male/MC03_Session1_0453.wav,MC03,non_dysarthria,male,Session1,16000,1.63,26080,0.13771132,0.86743164
torgo_data/non_dysarthria_male/MC02_Session1_0250.wav,MC02,non_dysarthria,male,Session1,16000,4.385,70160,0.11788979,1.0
torgo_data/non_dysarthria_male/MC03_Session1_0272.wav,MC03,non_dysarthria,male,Session1,16000,1.515,24240,0.046032887,0.8177185
torgo_data/non_dysarthria_male/MC01_Session2_0070.wav,MC01,non_dysarthria,male,Session2,16000,1.6845,26952,0.011266766,0.22546387
torgo_data/non_dysarthria_male/MC03_Session1_0130.wav,MC03,non_dysarthria,male,Session1,16000,1.53,24480,0.093152344,1.0
torgo_data/non_dysarthria_male/MC03_Session2_0001.wav,MC03,non_dysarthria,male,Session2,16000,2.1639375,34623,0.0070478506,0.25534058
torgo_data/non_dysarthria_male/MC03_Session2_0143.wav,MC03,non_dysarthria,male,Session2,16000,3.5170625,56273,0.019428456,0.305542
torgo_data/non_dysarthria_male/MC02_Session1_0296.wav,MC02,non_dysarthria,male,Session1,16000,2.57,41120,0.044159096,1.0
torgo_data/non_dysarthria_male/MC03_Session2_0174.wav,MC03,non_dysarthria,male,Session2,16000,3.9553125,63285,0.018156532,0.3045044
torgo_data/non_dysarthria_male/MC01_Session1_0307.wav,MC01,non_dysarthria,male,Session1,16000,3.135,50160,0.03404611,0.49612427
torgo_data/non_dysarthria_male/MC01_Session2_0165.wav,MC01,non_dysarthria,male,Session2,16000,2.0731875,33171,0.0063020554,0.19616699
torgo_data/non_dysarthria_male/MC04_Session1_0555.wav,MC04,non_dysarthria,male,Session1,16000,1.57,25120,0.11977737,1.0
torgo_data/non_dysarthria_male/MC01_Session2_0278.wav,MC01,non_dysarthria,male,Session2,16000,1.4973125,23957,0.009146115,0.11798096
torgo_data/non_dysarthria_male/MC01_Session2_0071.wav,MC01,non_dysarthria,male,Session2,16000,3.6136875,57819,0.022922663,0.20825195
torgo_data/non_dysarthria_male/MC03_Session2_0150.wav,MC03,non_dysarthria,male,Session2,16000,1.5281875,24451,0.007966193,0.15438843
torgo_data/non_dysarthria_male/MC04_Session1_0083.wav,MC04,non_dysarthria,male,Session1,16000,3.32,53120,0.21562481,1.0
torgo_data/non_dysarthria_male/MC04_Session1_0072.wav,MC04,non_dysarthria,male,Session1,16000,4.555,72880,0.15275432,1.0
torgo_data/non_dysarthria_male/MC01_Session2_0028.wav,MC01,non_dysarthria,male,Session2,16000,1.43975,23036,0.011530111,0.21920776
torgo_data/non_dysarthria_male/MC02_Session1_0080.wav,MC02,non_dysarthria,male,Session1,16000,2.9,46400,0.039822243,0.97109985
torgo_data/non_dysarthria_male/MC03_Session1_0089.wav,MC03,non_dysarthria,male,Session1,16000,4.25,68000,0.15646382,0.9999695
torgo_data/non_dysarthria_male/MC02_Session1_0129.wav,MC02,non_dysarthria,male,Session1,16000,4.87,77920,0.09038425,0.9746704
torgo_data/non_dysarthria_male/MC02_Session1_0328.wav,MC02,non_dysarthria,male,Session1,16000,2.63,42080,0.04157821,1.0
torgo_data/non_dysarthria_male/MC03_Session1_0425.wav,MC03,non_dysarthria,male,Session1,16000,2.725,43600,0.17824458,0.9999695
torgo_data/non_dysarthria_male/MC02_Session1_0105.wav,MC02,non_dysarthria,male,Session1,16000,2.81,44960,0.030017672,0.39370728
torgo_data/non_dysarthria_male/MC02_Session1_0010.wav,MC02,non_dysarthria,male,Session1,16000,2.545,40720,0.044447284,0.9999695
torgo_data/non_dysarthria_male/MC01_Session1_0168.wav,MC01,non_dysarthria,male,Session1,16000,2.95,47200,0.04530555,0.769989
torgo_data/non_dysarthria_male/MC02_Session1_0156.wav,MC02,non_dysarthria,male,Session1,16000,3.0550625,48881,0.045090646,0.9413147
torgo_data/non_dysarthria_male/MC01_Session3_0252.wav,MC01,non_dysarthria,male,Session3,16000,2.08,33280,0.029265057,0.5972595
torgo_data/non_dysarthria_male/MC03_Session1_0439.wav,MC03,non_dysarthria,male,Session1,16000,2.12,33920,0.15722229,0.9999695
torgo_data/non_dysarthria_male/MC01_Session2_0290.wav,MC01,non_dysarthria,male,Session2,16000,1.71325,27412,0.011984486,0.2137146
torgo_data/non_dysarthria_male/MC04_Session1_0381.wav,MC04,non_dysarthria,male,Session1,16000,2.935,46960,0.25868937,1.0
torgo_data/non_dysarthria_male/MC01_Session2_0029.wav,MC01,non_dysarthria,male,Session2,16000,1.5260625,24417,0.009773598,0.23809814
torgo_data/non_dysarthria_male/MC04_Session1_0249.wav,MC04,non_dysarthria,male,Session1,16000,5.72,91520,0.2281296,1.0
torgo_data/non_dysarthria_male/MC04_Session1_0328.wav,MC04,non_dysarthria,male,Session1,16000,1.4299375,22879,0.08878666,1.0
torgo_data/non_dysarthria_male/MC01_Session1_0275.wav,MC01,non_dysarthria,male,Session1,16000,3.105,49680,0.045216355,0.7921753
torgo_data/non_dysarthria_male/MC01_Session2_0149.wav,MC01,non_dysarthria,male,Session2,16000,1.8140625,29025,0.0065287594,0.11038208
torgo_data/non_dysarthria_male/MC02_Session1_0375.wav,MC02,non_dysarthria,male,Session1,16000,2.765,44240,0.04878214,1.0
torgo_data/non_dysarthria_male/MC03_Session1_0522.wav,MC03,non_dysarthria,male,Session1,16000,2.5649375,41039,0.12457704,0.9999695
torgo_data/non_dysarthria_male/MC01_Session3_0212.wav,MC01,non_dysarthria,male,Session3,16000,2.395,38320,0.02097073,0.47158813
torgo_data/non_dysarthria_male/MC01_Session1_0073.wav,MC01,non_dysarthria,male,Session1,16000,5.955,95280,0.016446367,0.06564331
torgo_data/non_dysarthria_male/MC02_Session1_0191.wav,MC02,non_dysarthria,male,Session1,16000,3.07,49120,0.036689654,0.8737793
torgo_data/non_dysarthria_male/MC03_Session2_0039.wav,MC03,non_dysarthria,male,Session2,16000,1.592,25472,0.008404515,0.18121338
torgo_data/non_dysarthria_male/MC01_Session2_0025.wav,MC01,non_dysarthria,male,Session2,16000,3.3689375,53903,0.027312575,0.22439575
torgo_data/non_dysarthria_male/MC04_Session1_0352.wav,MC04,non_dysarthria,male,Session1,16000,1.505,24080,0.12201709,1.0
torgo_data/non_dysarthria_male/MC01_Session1_0192.wav,MC01,non_dysarthria,male,Session1,16000,2.4700625,39521,0.052276526,0.76538086
torgo_data/non_dysarthria_male/MC03_Session1_0098.wav,MC03,non_dysarthria,male,Session1,16000,1.575,25200,0.10444406,1.0
torgo_data/non_dysarthria_male/MC04_Session1_0364.wav,MC04,non_dysarthria,male,Session1,16000,1.75,28000,0.094362356,1.0
torgo_data/non_dysarthria_male/MC03_Session1_0094.wav,MC03,non_dysarthria,male,Session1,16000,1.625,26000,0.09186207,0.9999695
torgo_data/non_dysarthria_male/MC01_Session2_0117.wav,MC01,non_dysarthria,male,Session2,16000,2.533875,40542,0.019577444,0.2064209
torgo_data/non_dysarthria_male/MC01_Session1_0213.wav,MC01,non_dysarthria,male,Session1,16000,2.725,43600,0.054692827,0.84484863
torgo_data/non_dysarthria_male/MC04_Session1_0429.wav,MC04,non_dysarthria,male,Session1,16000,3.485,55760,0.18537423,1.0
torgo_data/non_dysarthria_male/MC03_Session2_0151.wav,MC03,non_dysarthria,male,Session2,16000,2.1349375,34159,0.005103702,0.11807251
torgo_data/non_dysarthria_male/MC03_Session1_0139.wav,MC03,non_dysarthria,male,Session1,16000,3.86,61760,0.1487135,1.0
torgo_data/non_dysarthria_male/MC01_Session2_0012.wav,MC01,non_dysarthria,male,Session2,16000,1.5116875,24187,0.014352635,0.23339844
torgo_data/non_dysarthria_male/MC04_Session1_0266.wav,MC04,non_dysarthria,male,Session1,16000,1.66,26560,0.112018615,1.0
torgo_data/non_dysarthria_male/MC03_Session1_0260.wav,MC03,non_dysarthria,male,Session1,16000,1.5300625,24481,0.05517402,0.822876
torgo_data/non_dysarthria_male/MC01_Session3_0334.wav,MC01,non_dysarthria,male,Session3,16000,4.16,66560,0.058539223,0.43341064
torgo_data/non_dysarthria_male/MC01_Session3_0391.wav,MC01,non_dysarthria,male,Session3,16000,2.2550625,36081,0.025483081,0.30236816
torgo_data/non_dysarthria_male/MC02_Session1_0155.wav,MC02,non_dysarthria,male,Session1,16000,2.865,45840,0.034338,0.5918274
torgo_data/non_dysarthria_male/MC04_Session1_0573.wav,MC04,non_dysarthria,male,Session1,16000,3.7649375,60239,0.26695618,1.0
torgo_data/non_dysarthria_male/MC04_Session1_0176.wav,MC04,non_dysarthria,male,Session1,16000,1.35,21600,0.11628771,1.0
torgo_data/non_dysarthria_male/MC01_Session2_0022.wav,MC01,non_dysarthria,male,Session2,16000,3.1241875,49987,0.028291862,0.22528076
torgo_data/non_dysarthria_male/MC03_Session1_0433.wav,MC03,non_dysarthria,male,Session1,16000,1.6,25600,0.13843761,0.95751953
torgo_data/non_dysarthria_male/MC03_Session1_0541.wav,MC03,non_dysarthria,male,Session1,16000,1.55,24800,0.14274408,0.7201233
torgo_data/non_dysarthria_male/MC01_Session2_0169.wav,MC01,non_dysarthria,male,Session2,16000,2.044375,32710,0.008020394,0.1416626
torgo_data/non_dysarthria_male/MC04_Session1_0455.wav,MC04,non_dysarthria,male,Session1,16000,3.885,62160,0.22511064,1.0
torgo_data/non_dysarthria_male/MC03_Session1_0291.wav,MC03,non_dysarthria,male,Session1,16000,1.86,29760,0.04694544,0.99871826
torgo_data/non_dysarthria_male/MC01_Session2_0113.wav,MC01,non_dysarthria,male,Session2,16000,2.3035,36856,0.0077912267,0.16925049
torgo_data/non_dysarthria_male/MC03_Session2_0014.wav,MC03,non_dysarthria,male,Session2,16000,3.4955625,55929,0.014314285,0.1902771
torgo_data/non_dysarthria_male/MC04_Session1_0089.wav,MC04,non_dysarthria,male,Session1,16000,1.785,28560,0.08610182,1.0
torgo_data/non_dysarthria_male/MC02_Session1_0205.wav,MC02,non_dysarthria,male,Session1,16000,2.7100625,43361,0.0452415,1.0
torgo_data/non_dysarthria_male/MC03_Session1_0309.wav,MC03,non_dysarthria,male,Session1,16000,3.335,53360,0.18670918,1.0
torgo_data/non_dysarthria_male/MC01_Session3_0280.wav,MC01,non_dysarthria,male,Session3,16000,3.105,49680,0.054977607,0.53738403
torgo_data/non_dysarthria_male/MC01_Session3_0298.wav,MC01,non_dysarthria,male,Session3,16000,2.76,44160,0.025824104,0.4736328
torgo_data/non_dysarthria_male/MC03_Session1_0169.wav,MC03,non_dysarthria,male,Session1,16000,1.6,25600,0.062463418,0.97125244
torgo_data/non_dysarthria_male/MC01_Session2_0215.wav,MC01,non_dysarthria,male,Session2,16000,2.0155625,32249,0.007880375,0.14498901
torgo_data/non_dysarthria_male/MC01_Session3_0065.wav,MC01,non_dysarthria,male,Session3,16000,2.485,39760,0.02585169,0.2869568
torgo_data/non_dysarthria_male/MC01_Session3_0077.wav,MC01,non_dysarthria,male,Session3,16000,2.185,34960,0.027787924,0.35998535
torgo_data/non_dysarthria_male/MC01_Session1_0005.wav,MC01,non_dysarthria,male,Session1,16000,2.965,47440,0.057535317,0.8262634
torgo_data/non_dysarthria_male/MC02_Session1_0337.wav,MC02,non_dysarthria,male,Session1,16000,2.8200625,45121,0.0533713,1.0
torgo_data/non_dysarthria_male/MC03_Session1_0170.wav,MC03,non_dysarthria,male,Session1,16000,3.315,53040,0.16211239,1.0
torgo_data/non_dysarthria_male/MC03_Session1_0421.wav,MC03,non_dysarthria,male,Session1,16000,2.91,46560,0.16835138,0.9999695
torgo_data/non_dysarthria_male/MC04_Session1_0339.wav,MC04,non_dysarthria,male,Session1,16000,1.41,22560,0.06954845,1.0
torgo_data/non_dysarthria_male/MC03_Session1_0535.wav,MC03,non_dysarthria,male,Session1,16000,3.4,54400,0.13458708,0.9999695
torgo_data/non_dysarthria_male/MC01_Session3_0305.wav,MC01,non_dysarthria,male,Session3,16000,3.665,58640,0.054651283,0.4437256
torgo_data/non_dysarthria_male/MC02_Session1_0020.wav,MC02,non_dysarthria,male,Session1,16000,2.465,39440,0.055735026,0.80947876
torgo_data/non_dysarthria_male/MC01_Session3_0317.wav,MC01,non_dysarthria,male,Session3,16000,2.26,36160,0.024515588,0.45742798
torgo_data/non_dysarthria_male/MC01_Session2_0051.wav,MC01,non_dysarthria,male,Session2,16000,1.626875,26030,0.013455585,0.20788574
torgo_data/non_dysarthria_male/MC04_Session1_0608.wav,MC04,non_dysarthria,male,Session1,16000,3.33,53280,0.19783698,1.0
torgo_data/non_dysarthria_male/MC04_Session1_0576.wav,MC04,non_dysarthria,male,Session1,16000,1.615,25840,0.08203099,1.0
torgo_data/non_dysarthria_male/MC01_Session1_0156.wav,MC01,non_dysarthria,male,Session1,16000,3.175,50800,0.044162598,0.8045044
torgo_data/non_dysarthria_male/MC03_Session2_0169.wav,MC03,non_dysarthria,male,Session2,16000,1.7129375,27407,0.00722957,0.16970825
torgo_data/non_dysarthria_male/MC02_Session1_0290.wav,MC02,non_dysarthria,male,Session1,16000,2.765,44240,0.049776483,1.0
torgo_data/non_dysarthria_male/MC04_Session1_0075.wav,MC04,non_dysarthria,male,Session1,16000,1.77,28320,0.11330165,1.0
torgo_data/non_dysarthria_male/MC04_Session1_0283.wav,MC04,non_dysarthria,male,Session1,16000,3.45,55200,0.21055116,1.0
torgo_data/non_dysarthria_male/MC04_Session1_0279.wav,MC04,non_dysarthria,male,Session1,16000,1.36,21760,0.0995013,0.9055176
torgo_data/non_dysarthria_male/MC01_Session1_0322.wav,MC01,non_dysarthria,male,Session1,16000,2.855,45680,0.04139548,0.73526
torgo_data/non_dysarthria_male/MC02_Session1_0093.wav,MC02,non_dysarthria,male,Session1,16000,2.83,45280,0.035518397,0.91934204
torgo_data/non_dysarthria_male/MC03_Session1_0192.wav,MC03,non_dysarthria,male,Session1,16000,1.445,23120,0.073702425,0.9999695
torgo_data/non_dysarthria_male/MC02_Session1_0342.wav,MC02,non_dysarthria,male,Session1,16000,3.235,51760,0.07763568,1.0
torgo_data/non_dysarthria_male/MC02_Session1_0271.wav,MC02,non_dysarthria,male,Session1,16000,2.745,43920,0.051289562,1.0
torgo_data/non_dysarthria_male/MC03_Session1_0371.wav,MC03,non_dysarthria,male,Session1,16000,3.925,62800,0.17999822,0.99868774
torgo_data/non_dysarthria_male/MC04_Session1_0355.wav,MC04,non_dysarthria,male,Session1,16000,1.425,22800,0.12622008,1.0
torgo_data/non_dysarthria_male/MC04_Session1_0172.wav,MC04,non_dysarthria,male,Session1,16000,1.585,25360,0.08655975,1.0
torgo_data/non_dysarthria_male/MC02_Session1_0202.wav,MC02,non_dysarthria,male,Session1,16000,3.23,51680,0.036892578,0.6007385
torgo_data/non_dysarthria_male/MC01_Session1_0132.wav,MC01,non_dysarthria,male,Session1,16000,2.55,40800,0.030964661,0.6820679
torgo_data/non_dysarthria_male/MC03_Session2_0186.wav,MC03,non_dysarthria,male,Session2,16000,1.4949375,23919,0.008766336,0.3206787
torgo_data/non_dysarthria_male/MC01_Session3_0325.wav,MC01,non_dysarthria,male,Session3,16000,2.08,33280,0.03447327,0.36193848
torgo_data/non_dysarthria_male/MC01_Session1_0025.wav,MC01,non_dysarthria,male,Session1,16000,2.91,46560,0.04555761,0.64953613
torgo_data/non_dysarthria_male/MC03_Session2_0095.wav,MC03,non_dysarthria,male,Session2,16000,1.4421875,23075,0.008475806,0.12487793
torgo_data/non_dysarthria_male/MC02_Session1_0264.wav,MC02,non_dysarthria,male,Session1,16000,3.81,60960,0.09743147,1.0
torgo_data/non_dysarthria_male/MC01_Session3_0064.wav,MC01,non_dysarthria,male,Session3,16000,2.505,40080,0.022044467,0.31521606
torgo_data/non_dysarthria_male/MC03_Session1_0589.wav,MC03,non_dysarthria,male,Session1,16000,1.675,26800,0.0969427,0.90371704
torgo_data/non_dysarthria_male/MC02_Session1_0136.wav,MC02,non_dysarthria,male,Session1,16000,2.97,47520,0.03517546,0.59780884
torgo_data/non_dysarthria_male/MC02_Session1_0081.wav,MC02,non_dysarthria,male,Session1,16000,2.575,41200,0.03976766,0.66815186
torgo_data/non_dysarthria_male/MC01_Session2_0094.wav,MC01,non_dysarthria,male,Session2,16000,1.5260625,24417,0.011637855,0.14868164
torgo_data/non_dysarthria_male/MC04_Session1_0380.wav,MC04,non_dysarthria,male,Session1,16000,9.495,151920,0.1528085,1.0
torgo_data/non_dysarthria_male/MC03_Session1_0071.wav,MC03,non_dysarthria,male,Session1,16000,1.795,28720,0.06368624,0.9999695
torgo_data/non_dysarthria_male/MC01_Session3_0245.wav,MC01,non_dysarthria,male,Session3,16000,3.555,56880,0.055849202,0.7736206
torgo_data/non_dysarthria_male/MC04_Session1_0010.wav,MC04,non_dysarthria,male,Session1,16000,1.78,28480,0.073575854,1.0
torgo_data/non_dysarthria_male/MC03_Session1_0059.wav,MC03,non_dysarthria,male,Session1,16000,1.575,25200,0.060859174,1.0
torgo_data/non_dysarthria_male/MC03_Session1_0305.wav,MC03,non_dysarthria,male,Session1,16000,3.425,54800,0.12026553,1.0
torgo_data/non_dysarthria_male/MC04_Session1_0631.wav,MC04,non_dysarthria,male,Session1,16000,3.485,55760,0.21090913,1.0
torgo_data/non_dysarthria_male/MC02_Session1_0383.wav,MC02,non_dysarthria,male,Session1,16000,4.7,75200,0.16039385,1.0
torgo_data/non_dysarthria_male/MC04_Session1_0452.wav,MC04,non_dysarthria,male,Session1,16000,2.5799375,41279,0.06974397,1.0
torgo_data/non_dysarthria_male/MC01_Session2_0075.wav,MC01,non_dysarthria,male,Session2,16000,3.3689375,53903,0.027070554,0.22747803
torgo_data/non_dysarthria_male/MC03_Session1_0178.wav,MC03,non_dysarthria,male,Session1,16000,1.87,29920,0.06454696,0.9999695
torgo_data/non_dysarthria_male/MC03_Session1_0222.wav,MC03,non_dysarthria,male,Session1,16000,3.8,60800,0.14653604,1.0
torgo_data/non_dysarthria_male/MC03_Session1_0482.wav,MC03,non_dysarthria,male,Session1,16000,1.875,30000,0.1510504,0.99819946
torgo_data/non_dysarthria_male/MC01_Session2_0059.wav,MC01,non_dysarthria,male,Session2,16000,3.46975,55516,0.023082709,0.21743774
torgo_data/non_dysarthria_male/MC03_Session2_0106.wav,MC03,non_dysarthria,male,Session2,16000,1.9214375,30743,0.0095311785,0.19570923
torgo_data/non_dysarthria_male/MC03_Session1_0141.wav,MC03,non_dysarthria,male,Session1,16000,2.69,43040,0.13539322,1.0
torgo_data/non_dysarthria_male/MC02_Session1_0045.wav,MC02,non_dysarthria,male,Session1,16000,6.0,96000,0.018473212,0.07333374
torgo_data/non_dysarthria_male/MC04_Session1_0607.wav,MC04,non_dysarthria,male,Session1,16000,1.81,28960,0.11305495,1.0
torgo_data/non_dysarthria_male/MC01_Session2_0177.wav,MC01,non_dysarthria,male,Session2,16000,2.922625,46762,0.0061591463,0.21014404
torgo_data/non_dysarthria_male/MC01_Session2_0323.wav,MC01,non_dysarthria,male,Session2,16000,4.4486875,71179,0.017925156,0.13562012
torgo_data/non_dysarthria_male/MC03_Session1_0548.wav,MC03,non_dysarthria,male,Session1,16000,1.975,31600,0.13644649,0.7774353
torgo_data/non_dysarthria_male/MC03_Session1_0330.wav,MC03,non_dysarthria,male,Session1,16000,1.505,24080,0.13095629,0.8040161
torgo_data/non_dysarthria_male/MC04_Session1_0444.wav,MC04,non_dysarthria,male,Session1,16000,2.905,46480,0.21225795,1.0
torgo_data/non_dysarthria_male/MC01_Session3_0201.wav,MC01,non_dysarthria,male,Session3,16000,2.375,38000,0.023120534,0.37670898
torgo_data/non_dysarthria_male/MC04_Session1_0412.wav,MC04,non_dysarthria,male,Session1,16000,1.73,27680,0.07799723,1.0
torgo_data/non_dysarthria_male/MC04_Session1_0356.wav,MC04,non_dysarthria,male,Session1,16000,2.06,32960,0.07126722,1.0
torgo_data/non_dysarthria_male/MC03_Session2_0180.wav,MC03,non_dysarthria,male,Session2,16000,1.5365,24584,0.005912403,0.16345215
torgo_data/non_dysarthria_male/MC04_Session1_0084.wav,MC04,non_dysarthria,male,Session1,16000,3.74,59840,0.20810294,1.0
torgo_data/non_dysarthria_male/MC02_Session1_0185.wav,MC02,non_dysarthria,male,Session1,16000,3.26,52160,0.07576784,0.9999695
torgo_data/non_dysarthria_male/MC03_Session2_0132.wav,MC03,non_dysarthria,male,Session2,16000,1.9551875,31283,0.006893066,0.09957886
torgo_data/non_dysarthria_male/MC01_Session3_0010.wav,MC01,non_dysarthria,male,Session3,16000,2.62,41920,0.024725892,0.38607788
torgo_data/non_dysarthria_male/MC01_Session3_0206.wav,MC01,non_dysarthria,male,Session3,16000,2.375,38000,0.025457839,0.35943604
torgo_data/non_dysarthria_male/MC04_Session1_0169.wav,MC04,non_dysarthria,male,Session1,16000,1.825,29200,0.095624,1.0
torgo_data/non_dysarthria_male/MC04_Session1_0466.wav,MC04,non_dysarthria,male,Session1,16000,4.355,69680,0.18567741,1.0
torgo_data/non_dysarthria_male/MC03_Session1_0287.wav,MC03,non_dysarthria,male,Session1,16000,1.59,25440,0.05606328,0.8243103
torgo_data/non_dysarthria_male/MC01_Session1_0065.wav,MC01,non_dysarthria,male,Session1,16000,7.98,127680,0.0920571,0.8573303
torgo_data/non_dysarthria_male/MC01_Session2_0104.wav,MC01,non_dysarthria,male,Session2,16000,1.727625,27642,0.006673214,0.16616821
torgo_data/non_dysarthria_male/MC01_Session3_0053.wav,MC01,non_dysarthria,male,Session3,16000,2.375,38000,0.030584363,0.38031006
torgo_data/non_dysarthria_male/MC01_Session3_0139.wav,MC01,non_dysarthria,male,Session3,16000,2.42,38720,0.018992942,0.3074646
torgo_data/non_dysarthria_male/MC03_Session2_0214.wav,MC03,non_dysarthria,male,Session2,16000,1.8894375,30231,0.0069731125,0.15460205
torgo_data/non_dysarthria_male/MC01_Session1_0205.wav,MC01,non_dysarthria,male,Session1,16000,4.175,66800,0.10207626,0.71365356
torgo_data/non_dysarthria_male/MC03_Session1_0302.wav,MC03,non_dysarthria,male,Session1,16000,2.92,46720,0.13437155,1.0
torgo_data/non_dysarthria_male/MC01_Session1_0316.wav,MC01,non_dysarthria,male,Session1,16000,2.53,40480,0.036920458,0.56015015
torgo_data/non_dysarthria_male/MC04_Session1_0363.wav,MC04,non_dysarthria,male,Session1,16000,1.24,19840,0.10950077,1.0
torgo_data/non_dysarthria_male/MC03_Session1_0352.wav,MC03,non_dysarthria,male,Session1,16000,3.07,49120,0.14529899,0.8979492
torgo_data/non_dysarthria_male/MC04_Session1_0626.wav,MC04,non_dysarthria,male,Session1,16000,1.395,22320,0.07470364,1.0
torgo_data/non_dysarthria_male/MC03_Session2_0136.wav,MC03,non_dysarthria,male,Session2,16000,1.6855,26968,0.0068599447,0.14953613
torgo_data/non_dysarthria_male/MC01_Session3_0192.wav,MC01,non_dysarthria,male,Session3,16000,4.13,66080,0.06516333,0.6268616
torgo_data/non_dysarthria_male/MC01_Session3_0026.wav,MC01,non_dysarthria,male,Session3,16000,2.54,40640,0.016600242,0.44100952
torgo_data/non_dysarthria_male/MC01_Session2_0241.wav,MC01,non_dysarthria,male,Session2,16000,5.3845625,86153,0.020298716,0.18414307
torgo_data/non_dysarthria_male/MC02_Session1_0192.wav,MC02,non_dysarthria,male,Session1,16000,2.645,42320,0.038223777,0.8023987
torgo_data/non_dysarthria_male/MC03_Session1_0253.wav,MC03,non_dysarthria,male,Session1,16000,1.71,27360,0.056034736,0.9795532
torgo_data/non_dysarthria_male/MC01_Session3_0177.wav,MC01,non_dysarthria,male,Session3,16000,2.975,47600,0.018163402,0.30688477
torgo_data/non_dysarthria_male/MC03_Session1_0594.wav,MC03,non_dysarthria,male,Session1,16000,1.83,29280,0.119783096,0.9345398
torgo_data/non_dysarthria_male/MC01_Session3_0294.wav,MC01,non_dysarthria,male,Session3,16000,2.335,37360,0.027953308,0.4447937
torgo_data/non_dysarthria_male/MC03_Session2_0183.wav,MC03,non_dysarthria,male,Session2,16000,1.7440625,27905,0.011558485,0.28051758
torgo_data/non_dysarthria_male/MC02_Session2_0031.wav,MC02,non_dysarthria,male,Session2,16000,2.89,46240,0.05732202,0.5918274
torgo_data/non_dysarthria_male/MC02_Session1_0220.wav,MC02,non_dysarthria,male,Session1,16000,3.1400625,50241,0.05630238,1.0
torgo_data/non_dysarthria_male/MC02_Session1_0371.wav,MC02,non_dysarthria,male,Session1,16000,6.185,98960,0.01717448,0.06365967
torgo_data/non_dysarthria_male/MC01_Session3_0115.wav,MC01,non_dysarthria,male,Session3,16000,2.235,35760,0.022490362,0.35095215
torgo_data/non_dysarthria_male/MC04_Session1_0200.wav,MC04,non_dysarthria,male,Session1,16000,3.855,61680,0.21991366,1.0
torgo_data/non_dysarthria_male/MC01_Session3_0059.wav,MC01,non_dysarthria,male,Session3,16000,2.31,36960,0.025668858,0.3421936
torgo_data/non_dysarthria_male/MC03_Session1_0256.wav,MC03,non_dysarthria,male,Session1,16000,1.345,21520,0.04981552,0.7149658
torgo_data/non_dysarthria_male/MC04_Session1_0110.wav,MC04,non_dysarthria,male,Session1,16000,1.865,29840,0.059787698,1.0
torgo_data/non_dysarthria_male/MC03_Session1_0096.wav,MC03,non_dysarthria,male,Session1,16000,3.99,63840,0.14121032,1.0
torgo_data/non_dysarthria_male/MC03_Session1_0420.wav,MC03,non_dysarthria,male,Session1,16000,3.575,57200,0.17702535,0.9999695
torgo_data/non_dysarthria_male/MC03_Session1_0021.wav,MC03,non_dysarthria,male,Session1,16000,2.505,40080,0.019500261,0.07144165
torgo_data/dysarthria_male/M01_Session2_3_0171.wav,M01,dysarthria,male,Session2,16000,1.66125,26580,0.0380166,0.5821533
torgo_data/dysarthria_male/M03_Session2_0398.wav,M03,dysarthria,male,Session2,16000,3.75,60000,0.0980932,1.0
torgo_data/dysarthria_male/M01_Session2_3_0109.wav,M01,dysarthria,male,Session2,16000,8.0419375,128671,0.03639153,0.4409485
torgo_data/dysarthria_male/M04_Session2_0167.wav,M04,dysarthria,male,Session2,16000,2.495,39920,0.03980889,1.0
torgo_data/dysarthria_male/M03_Session2_0124.wav,M03,dysarthria,male,Session2,16000,2.445,39120,0.053341784,1.0
torgo_data/dysarthria_male/M01_Session2_3_0209.wav,M01,dysarthria,male,Session2,16000,7.0678125,113085,0.039217923,0.64279175
torgo_data/dysarthria_male/M01_Session1_0023.wav,M01,dysarthria,male,Session1,16000,5.295,84720,0.24829602,1.0
torgo_data/dysarthria_male/M03_Session2_0319.wav,M03,dysarthria,male,Session2,16000,2.27,36320,0.03550681,0.7873535
torgo_data/dysarthria_male/M05_Session1_0028.wav,M05,dysarthria,male,Session1,16000,25.315,405040,0.36262238,1.0
torgo_data/dysarthria_male/M02_Session2_0190.wav,M02,dysarthria,male,Session2,16000,6.415,102640,0.28671166,1.0
torgo_data/dysarthria_male/M03_Session2_0199.wav,M03,dysarthria,male,Session2,16000,3.855,61680,0.11994555,1.0
torgo_data/dysarthria_male/M02_Session1_0145.wav,M02,dysarthria,male,Session1,16000,2.4691875,39507,0.01595306,0.3587036
torgo_data/dysarthria_male/M04_Session2_0141.wav,M04,dysarthria,male,Session2,16000,2.835,45360,0.035068072,0.7147217
torgo_data/dysarthria_male/M01_Session2_3_0111.wav,M01,dysarthria,male,Session2,16000,16.083875,257342,0.049107514,0.63842773
torgo_data/dysarthria_male/M01_Session2_3_0035.wav,M01,dysarthria,male,Session2,16000,4.95075,79212,0.09807286,0.68045044
torgo_data/dysarthria_male/M03_Session2_0305.wav,M03,dysarthria,male,Session2,16000,2.015,32240,0.04609304,1.0
torgo_data/dysarthria_male/M02_Session2_0199.wav,M02,dysarthria,male,Session2,16000,2.405,38480,0.051392347,0.9994507
torgo_data/dysarthria_male/M05_Session2_0227.wav,M05,dysarthria,male,Session2,16000,2.405,38480,0.029528141,0.50949097
torgo_data/dysarthria_male/M03_Session2_0308.wav,M03,dysarthria,male,Session2,16000,2.21,35360,0.035774026,1.0
torgo_data/dysarthria_male/M04_Session2_0149.wav,M04,dysarthria,male,Session2,16000,2.95,47200,0.065053895,1.0
torgo_data/dysarthria_male/M02_Session1_0141.wav,M02,dysarthria,male,Session1,16000,4.0125,64200,0.040155154,0.4076538
torgo_data/dysarthria_male/M03_Session2_0309.wav,M03,dysarthria,male,Session2,16000,2.095,33520,0.042485707,1.0
torgo_data/dysarthria_male/M04_Session2_0108.wav,M04,dysarthria,male,Session2,16000,7.205,115280,0.19513977,1.0
torgo_data/dysarthria_male/M05_Session1_0016.wav,M05,dysarthria,male,Session1,16000,2.475,39600,0.17499483,1.0
torgo_data/dysarthria_male/M02_Session2_0125.wav,M02,dysarthria,male,Session2,16000,2.695,43120,0.094538845,1.0
torgo_data/dysarthria_male/M04_Session2_0006.wav,M04,dysarthria,male,Session2,16000,3.275,52400,0.06453301,1.0
torgo_data/dysarthria_male/M04_Session2_0226.wav,M04,dysarthria,male,Session2,16000,13.54,216640,0.108517826,1.0
torgo_data/dysarthria_male/M03_Session2_0333.wav,M03,dysarthria,male,Session2,16000,2.41,38560,0.03723068,0.99697876
torgo_data/dysarthria_male/M05_Session1_0071.wav,M05,dysarthria,male,Session1,16000,1.92,30720,0.14125247,1.0
torgo_data/dysarthria_male/M02_Session2_0213.wav,M02,dysarthria,male,Session2,16000,7.9,126400,0.1913348,1.0
torgo_data/dysarthria_male/M03_Session2_0400.wav,M03,dysarthria,male,Session2,16000,3.37,53920,0.102842756,1.0
torgo_data/dysarthria_male/M05_Session2_0042.wav,M05,dysarthria,male,Session2,16000,13.8600625,221761,0.031549178,0.5527649
torgo_data/dysarthria_male/M01_Session1_0005.wav,M01,dysarthria,male,Session1,16000,12.0750625,193201,0.27717566,1.0
torgo_data/dysarthria_male/M05_Session2_0316.wav,M05,dysarthria,male,Session2,16000,2.67,42720,0.026763,0.4593811
torgo_data/dysarthria_male/M05_Session2_0324.wav,M05,dysarthria,male,Session2,16000,4.555,72880,0.017776618,0.3918457
torgo_data/dysarthria_male/M05_Session2_0296.wav,M05,dysarthria,male,Session2,16000,2.495,39920,0.026648993,0.9999695
torgo_data/dysarthria_male/M03_Session2_0228.wav,M03,dysarthria,male,Session2,16000,2.255,36080,0.0489462,0.936676
torgo_data/dysarthria_male/M02_Session2_0144.wav,M02,dysarthria,male,Session2,16000,2.145,34320,0.059456132,1.0
torgo_data/dysarthria_male/M02_Session1_0139.wav,M02,dysarthria,male,Session1,16000,2.8900625,46241,0.019409994,0.48901367
torgo_data/dysarthria_male/M03_Session2_0108.wav,M03,dysarthria,male,Session2,16000,2.86,45760,0.027056385,1.0
torgo_data/dysarthria_male/M05_Session1_0091.wav,M05,dysarthria,male,Session1,16000,14.49,231840,0.25322157,1.0
torgo_data/dysarthria_male/M03_Session2_0225.wav,M03,dysarthria,male,Session2,16000,2.51,40160,0.027384339,0.5645447
torgo_data/dysarthria_male/M02_Session1_0147.wav,M02,dysarthria,male,Session1,16000,3.030375,48486,0.019332465,0.5102539
torgo_data/dysarthria_male/M04_Session2_0131.wav,M04,dysarthria,male,Session2,16000,2.415,38640,0.049605843,0.9999695
torgo_data/dysarthria_male/M01_Session2_3_0229.wav,M01,dysarthria,male,Session2,16000,1.7004375,27207,0.032922573,0.28631592
torgo_data/dysarthria_male/M05_Session2_0039.wav,M05,dysarthria,male,Session2,16000,3.39,54240,0.014731147,0.3939209
torgo_data/dysarthria_male/M02_Session2_0131.wav,M02,dysarthria,male,Session2,16000,7.075,113200,0.19723566,1.0
torgo_data/dysarthria_male/M03_Session2_0055.wav,M03,dysarthria,male,Session2,16000,2.42,38720,0.05811751,0.8878479
torgo_data/dysarthria_male/M02_Session2_0135.wav,M02,dysarthria,male,Session2,16000,2.58,41280,0.07470065,1.0
torgo_data/dysarthria_male/M02_Session1_0215.wav,M02,dysarthria,male,Session1,16000,5.1869375,82991,0.059276007,0.5701294
torgo_data/dysarthria_male/M03_Session2_0219.wav,M03,dysarthria,male,Session2,16000,4.95,79200,0.096776634,1.0
torgo_data/dysarthria_male/M05_Session2_0171.wav,M05,dysarthria,male,Session2,16000,4.3,68800,0.033464067,0.47943115
torgo_data/dysarthria_male/M03_Session2_0194.wav,M03,dysarthria,male,Session2,16000,3.555,56880,0.10155266,1.0
torgo_data/dysarthria_male/M02_Session2_0164.wav,M02,dysarthria,male,Session2,16000,2.98,47680,0.08458685,1.0
torgo_data/dysarthria_male/M05_Session2_0344.wav,M05,dysarthria,male,Session2,16000,0.0094375,151,0.02233685,0.28189087
torgo_data/dysarthria_male/M03_Session2_0367.wav,M03,dysarthria,male,Session2,16000,3.22,51520,0.04660947,1.0
torgo_data/dysarthria_male/M02_Session2_0111.wav,M02,dysarthria,male,Session2,16000,9.9500625,159201,0.21876855,1.0
torgo_data/dysarthria_male/M04_Session2_0120.wav,M04,dysarthria,male,Session2,16000,2.56,40960,0.08219524,1.0
torgo_data/dysarthria_male/M03_Session2_0031.wav,M03,dysarthria,male,Session2,16000,2.265,36240,0.06015663,1.0
torgo_data/dysarthria_male/M03_Session2_0167.wav,M03,dysarthria,male,Session2,16000,2.13,34080,0.037715208,1.0
torgo_data/dysarthria_male/M05_Session1_0114.wav,M05,dysarthria,male,Session1,16000,2.26,36160,0.09285725,1.0
torgo_data/dysarthria_male/M03_Session2_0291.wav,M03,dysarthria,male,Session2,16000,2.435,38960,0.049245022,1.0
torgo_data/dysarthria_male/M05_Session1_0005.wav,M05,dysarthria,male,Session1,16000,2.935,46960,0.15337701,1.0
torgo_data/dysarthria_male/M03_Session2_0177.wav,M03,dysarthria,male,Session2,16000,2.54,40640,0.04218924,0.74920654
torgo_data/dysarthria_male/M02_Session2_0182.wav,M02,dysarthria,male,Session2,16000,3.53,56480,0.07666745,1.0
torgo_data/dysarthria_male/M02_Session2_0175.wav,M02,dysarthria,male,Session2,16000,0.315,5040,0.010565224,0.0887146
torgo_data/dysarthria_male/M03_Session2_0174.wav,M03,dysarthria,male,Session2,16000,2.57,41120,0.04147266,1.0
torgo_data/dysarthria_male/M04_Session2_0096.wav,M04,dysarthria,male,Session2,16000,3.005,48080,0.030919917,0.7192993
torgo_data/dysarthria_male/M05_Session2_0351.wav,M05,dysarthria,male,Session2,16000,0.0264375,423,0.050170723,0.3328247
torgo_data/dysarthria_male/M04_Session2_0122.wav,M04,dysarthria,male,Session2,16000,2.25,36000,0.041061867,1.0
torgo_data/dysarthria_male/M03_Session2_0255.wav,M03,dysarthria,male,Session2,16000,2.77,44320,0.038126335,0.9640198
torgo_data/dysarthria_male/M03_Session2_0008.wav,M03,dysarthria,male,Session2,16000,2.45,39200,0.07080785,0.84158325
torgo_data/dysarthria_male/M05_Session2_0138.wav,M05,dysarthria,male,Session2,16000,10.57,169120,0.04202099,0.56015015
torgo_data/dysarthria_male/M03_Session2_0218.wav,M03,dysarthria,male,Session2,16000,4.815,77040,0.08881785,1.0
torgo_data/dysarthria_male/M03_Session2_0200.wav,M03,dysarthria,male,Session2,16000,3.605,57680,0.02247443,0.98776245
torgo_data/dysarthria_male/M04_Session2_0092.wav,M04,dysarthria,male,Session2,16000,3.375,54000,0.05155531,1.0
torgo_data/dysarthria_male/M03_Session2_0212.wav,M03,dysarthria,male,Session2,16000,2.275,36400,0.043216195,0.9999695
torgo_data/dysarthria_male/M01_Session2_3_0063.wav,M01,dysarthria,male,Session2,16000,1.8075625,28921,0.05162346,0.7384949
torgo_data/dysarthria_male/M02_Session1_0191.wav,M02,dysarthria,male,Session1,16000,2.618875,41902,0.016018912,0.2414856
torgo_data/dysarthria_male/M01_Session2_3_0065.wav,M01,dysarthria,male,Session2,16000,1.26875,20300,0.06862173,0.44833374
torgo_data/dysarthria_male/M02_Session2_0187.wav,M02,dysarthria,male,Session2,16000,7.895,126320,0.22355033,1.0
torgo_data/dysarthria_male/M01_Session2_3_0024.wav,M01,dysarthria,male,Session2,16000,1.301,20816,0.046299845,0.4220276
torgo_data/dysarthria_male/M05_Session1_0081.wav,M05,dysarthria,male,Session1,16000,3.24,51840,0.17502981,1.0
torgo_data/dysarthria_male/M03_Session2_0206.wav,M03,dysarthria,male,Session2,16000,1.9,30400,0.05214099,0.77593994
torgo_data/dysarthria_male/M03_Session2_0181.wav,M03,dysarthria,male,Session2,16000,2.0850625,33361,0.053073805,1.0
torgo_data/dysarthria_male/M01_Session2_3_0224.wav,M01,dysarthria,male,Session2,16000,1.465875,23454,0.03258419,0.37786865
torgo_data/dysarthria_male/M05_Session2_0128.wav,M05,dysarthria,male,Session2,16000,11.365,181840,0.035884384,0.5565491
torgo_data/dysarthria_male/M05_Session1_0001.wav,M05,dysarthria,male,Session1,16000,7.765,124240,0.1114318,1.0
torgo_data/dysarthria_male/M01_Session2_3_0076.wav,M01,dysarthria,male,Session2,16000,5.473875,87582,0.09871024,0.6844177
torgo_data/dysarthria_male/M02_Session1_0036.wav,M02,dysarthria,male,Session1,16000,3.1356875,50171,0.03114249,0.4824829
torgo_data/dysarthria_male/M01_Session2_3_0136.wav,M01,dysarthria,male,Session2,16000,1.285625,20570,0.026689341,0.24865723
torgo_data/dysarthria_male/M04_Session2_0270.wav,M04,dysarthria,male,Session2,16000,3.35,53600,0.04150175,1.0
torgo_data/dysarthria_male/M03_Session2_0131.wav,M03,dysarthria,male,Session2,16000,2.295,36720,0.0445071,0.7758789
torgo_data/dysarthria_male/M05_Session1_0051.wav,M05,dysarthria,male,Session1,16000,7.45,119200,0.25140375,1.0
torgo_data/dysarthria_male/M01_Session2_3_0148.wav,M01,dysarthria,male,Session2,16000,1.2511875,20019,0.038543303,0.3557434
torgo_data/dysarthria_male/M04_Session2_0197.wav,M04,dysarthria,male,Session2,16000,2.54,40640,0.055592347,1.0
torgo_data/dysarthria_male/M03_Session2_0378.wav,M03,dysarthria,male,Session2,16000,3.08,49280,0.0958698,1.0
torgo_data/dysarthria_male/M01_Session2_3_0061.wav,M01,dysarthria,male,Session2,16000,5.47475,87596,0.10943626,0.95254517
torgo_data/dysarthria_male/M04_Session2_0280.wav,M04,dysarthria,male,Session2,16000,2.535,40560,0.08584098,1.0
torgo_data/dysarthria_male/M05_Session2_0339.wav,M05,dysarthria,male,Session2,16000,0.0263125,421,0.049753908,0.3130188
torgo_data/dysarthria_male/M04_Session2_0176.wav,M04,dysarthria,male,Session2,16000,3.975,63600,0.03384756,1.0
torgo_data/dysarthria_male/M02_Session1_0135.wav,M02,dysarthria,male,Session1,16000,7.46375,119420,0.06418188,0.5647278
torgo_data/dysarthria_male/M05_Session2_0261.wav,M05,dysarthria,male,Session2,16000,3.995,63920,0.020707732,0.30273438
torgo_data/dysarthria_male/M03_Session2_0249.wav,M03,dysarthria,male,Session2,16000,3.32,53120,0.09456582,1.0
torgo_data/dysarthria_male/M04_Session2_0102.wav,M04,dysarthria,male,Session2,16000,3.63,58080,0.110043526,1.0
torgo_data/dysarthria_male/M05_Session1_0113.wav,M05,dysarthria,male,Session1,16000,2.86,45760,0.11281964,1.0
torgo_data/dysarthria_male/M03_Session2_0372.wav,M03,dysarthria,male,Session2,16000,2.415,38640,0.052972298,1.0
torgo_data/dysarthria_male/M03_Session2_0101.wav,M03,dysarthria,male,Session2,16000,6.2050625,99281,0.10940979,1.0
torgo_data/dysarthria_male/M05_Session2_0148.wav,M05,dysarthria,male,Session2,16000,2.875,46000,0.027804274,0.3902893
torgo_data/dysarthria_male/M02_Session1_0166.wav,M02,dysarthria,male,Session1,16000,2.212125,35394,0.023132399,0.2859497
torgo_data/dysarthria_male/M01_Session2_3_0057.wav,M01,dysarthria,male,Session2,16000,1.77275,28364,0.035677448,0.31689453
torgo_data/dysarthria_male/M01_Session2_3_0096.wav,M01,dysarthria,male,Session2,16000,4.482375,71718,0.06052814,0.5241394
torgo_data/dysarthria_male/M03_Session2_0347.wav,M03,dysarthria,male,Session2,16000,2.47,39520,0.021145368,0.91656494
torgo_data/dysarthria_male/M02_Session1_0208.wav,M02,dysarthria,male,Session1,16000,4.5513125,72821,0.041309,0.56082153
torgo_data/dysarthria_male/M02_Session2_0234.wav,M02,dysarthria,male,Session2,16000,1.97,31520,0.161067,1.0
torgo_data/dysarthria_male/M03_Session2_0051.wav,M03,dysarthria,male,Session2,16000,2.125,34000,0.05835128,1.0
torgo_data/dysarthria_male/M05_Session2_0235.wav,M05,dysarthria,male,Session2,16000,3.205,51280,0.020655703,0.5198364
torgo_data/dysarthria_male/M03_Session2_0092.wav,M03,dysarthria,male,Session2,16000,2.25,36000,0.056471463,0.99450684
torgo_data/dysarthria_male/M05_Session1_0022.wav,M05,dysarthria,male,Session1,16000,3.4800625,55681,0.15736131,1.0
torgo_data/dysarthria_male/M02_Session1_0112.wav,M02,dysarthria,male,Session1,16000,3.2548125,52077,0.028906401,0.45150757
torgo_data/dysarthria_male/M02_Session1_0192.wav,M02,dysarthria,male,Session1,16000,2.0849375,33359,0.02305564,0.32537842
torgo_data/dysarthria_male/M01_Session2_3_0002.wav,M01,dysarthria,male,Session2,16000,1.1953125,19125,0.0685658,0.55126953
torgo_data/dysarthria_male/M05_Session2_0020.wav,M05,dysarthria,male,Session2,16000,2.37,37920,0.03670713,0.5230408
torgo_data/dysarthria_male/M02_Session1_0050.wav,M02,dysarthria,male,Session1,16000,3.15525,50484,0.06331331,0.28399658
torgo_data/dysarthria_male/M05_Session1_0086.wav,M05,dysarthria,male,Session1,16000,1.875,30000,0.085582435,1.0
torgo_data/dysarthria_male/M01_Session1_0043.wav,M01,dysarthria,male,Session1,16000,6.84,109440,0.27355376,1.0
torgo_data/dysarthria_male/M01_Session1_0059.wav,M01,dysarthria,male,Session1,16000,3.085,49360,0.11088832,1.0
torgo_data/dysarthria_male/M04_Session2_0216.wav,M04,dysarthria,male,Session2,16000,12.41,198560,0.07517788,1.0
torgo_data/dysarthria_male/M05_Session2_0007.wav,M05,dysarthria,male,Session2,16000,2.1,33600,0.016662026,0.21774292
torgo_data/dysarthria_male/M04_Session2_0294.wav,M04,dysarthria,male,Session2,16000,2.76,44160,0.049021013,1.0
torgo_data/dysarthria_male/M03_Session2_0420.wav,M03,dysarthria,male,Session2,16000,5.915,94640,0.1174577,1.0
torgo_data/dysarthria_male/M05_Session2_0256.wav,M05,dysarthria,male,Session2,16000,10.49,167840,0.034896124,0.28430176
torgo_data/dysarthria_male/M02_Session1_0098.wav,M02,dysarthria,male,Session1,16000,9.2034375,147255,0.05145102,0.5522461
torgo_data/dysarthria_male/M01_Session2_3_0128.wav,M01,dysarthria,male,Session2,16000,1.7436875,27899,0.02796868,0.42214966
torgo_data/dysarthria_male/M05_Session1_0124.wav,M05,dysarthria,male,Session1,16000,3.39,54240,0.0648074,1.0
torgo_data/dysarthria_male/M05_Session1_0062.wav,M05,dysarthria,male,Session1,16000,11.595,185520,0.25398314,1.0
torgo_data/dysarthria_male/M03_Session2_0355.wav,M03,dysarthria,male,Session2,16000,3.64,58240,0.08907802,1.0
torgo_data/dysarthria_male/M01_Session2_3_0069.wav,M01,dysarthria,male,Session2,16000,6.8478125,109565,0.09203579,0.9862366
torgo_data/dysarthria_male/M02_Session2_0201.wav,M02,dysarthria,male,Session2,16000,2.28,36480,0.10917078,1.0
torgo_data/dysarthria_male/M01_Session1_0052.wav,M01,dysarthria,male,Session1,16000,3.3100625,52961,0.13501844,1.0
torgo_data/dysarthria_male/M05_Session2_0320.wav,M05,dysarthria,male,Session2,16000,6.1,97600,0.049193658,0.69155884
torgo_data/dysarthria_male/M03_Session2_0192.wav,M03,dysarthria,male,Session2,16000,4.185,66960,0.118251465,1.0
torgo_data/dysarthria_male/M03_Session2_0085.wav,M03,dysarthria,male,Session2,16000,1.975,31600,0.050160162,0.86972046
torgo_data/dysarthria_male/M03_Session2_0060.wav,M03,dysarthria,male,Session2,16000,2.515,40240,0.045456957,1.0
torgo_data/dysarthria_male/M02_Session1_0228.wav,M02,dysarthria,male,Session1,16000,2.3616875,37787,0.015960226,0.308136
torgo_data/dysarthria_male/M05_Session2_0027.wav,M05,dysarthria,male,Session2,16000,11.495,183920,0.044948123,1.0
torgo_data/dysarthria_male/M03_Session2_0251.wav,M03,dysarthria,male,Session2,16000,2.245,35920,0.03928433,0.86026
torgo_data/dysarthria_male/M03_Session2_0019.wav,M03,dysarthria,male,Session2,16000,6.865,109840,0.006352675,0.028198242
torgo_data/dysarthria_male/M04_Session2_0214.wav,M04,dysarthria,male,Session2,16000,2.61,41760,0.068169326,1.0
torgo_data/dysarthria_male/M02_Session2_0105.wav,M02,dysarthria,male,Session2,16000,2.435,38960,0.09973648,1.0
torgo_data/dysarthria_male/M03_Session2_0303.wav,M03,dysarthria,male,Session2,16000,4.38,70080,0.12175374,1.0
torgo_data/dysarthria_male/M02_Session2_0241.wav,M02,dysarthria,male,Session2,16000,1.965,31440,0.10767492,1.0
torgo_data/dysarthria_male/M05_Session1_0064.wav,M05,dysarthria,male,Session1,16000,2.785,44560,0.11198178,1.0
torgo_data/dysarthria_male/M03_Session2_0152.wav,M03,dysarthria,male,Session2,16000,2.585,41360,0.039507467,1.0
torgo_data/dysarthria_male/M04_Session2_0286.wav,M04,dysarthria,male,Session2,16000,9.195,147120,0.11557543,1.0
torgo_data/dysarthria_male/M01_Session2_3_0228.wav,M01,dysarthria,male,Session2,16000,1.4306875,22891,0.020494074,0.16571045
torgo_data/dysarthria_male/M05_Session2_0193.wav,M05,dysarthria,male,Session2,16000,3.735,59760,0.02957838,0.39517212
torgo_data/dysarthria_male/M05_Session2_0140.wav,M05,dysarthria,male,Session2,16000,3.485,55760,0.032663293,0.49414062
torgo_data/dysarthria_male/M04_Session2_0151.wav,M04,dysarthria,male,Session2,16000,2.85,45600,0.052481793,1.0
torgo_data/dysarthria_male/M05_Session2_0010.wav,M05,dysarthria,male,Session2,16000,2.33,37280,0.035116065,0.6939697
torgo_data/dysarthria_male/M02_Session1_0138.wav,M02,dysarthria,male,Session1,16000,2.1325,34120,0.014731264,0.36669922
torgo_data/dysarthria_male/M02_Session2_0151.wav,M02,dysarthria,male,Session2,16000,3.89,62240,0.13799618,1.0
torgo_data/dysarthria_male/M04_Session2_0169.wav,M04,dysarthria,male,Session2,16000,3.27,52320,0.082821324,1.0
torgo_data/dysarthria_male/M05_Session2_0038.wav,M05,dysarthria,male,Session2,16000,15.865,253840,0.02953054,0.37939453
torgo_data/dysarthria_male/M01_Session2_3_0218.wav,M01,dysarthria,male,Session2,16000,1.2430625,19889,0.027124945,0.23947144
torgo_data/dysarthria_male/M01_Session2_3_0214.wav,M01,dysarthria,male,Session2,16000,1.5948125,25517,0.019136561,0.26116943
torgo_data/dysarthria_male/M05_Session2_0040.wav,M05,dysarthria,male,Session2,16000,3.01,48160,0.0197564,0.18301392
torgo_data/dysarthria_male/M01_Session2_3_0241.wav,M01,dysarthria,male,Session2,16000,1.98025,31684,0.023172341,0.22293091
torgo_data/dysarthria_male/M03_Session2_0122.wav,M03,dysarthria,male,Session2,16000,2.63,42080,0.038108345,0.8357239
torgo_data/dysarthria_male/M05_Session2_0231.wav,M05,dysarthria,male,Session2,16000,3.21,51360,0.021557182,0.31652832
torgo_data/dysarthria_male/M02_Session2_0121.wav,M02,dysarthria,male,Session2,16000,8.54,136640,0.24108389,1.0
torgo_data/dysarthria_male/M05_Session2_0287.wav,M05,dysarthria,male,Session2,16000,10.26,164160,0.03272507,0.65789795
torgo_data/dysarthria_male/M05_Session2_0346.wav,M05,dysarthria,male,Session2,16000,0.008375,134,0.019076202,0.26486206
torgo_data/dysarthria_male/M05_Session1_0007.wav,M05,dysarthria,male,Session1,16000,1.29,20640,0.13569272,1.0
torgo_data/dysarthria_male/M03_Session2_0292.wav,M03,dysarthria,male,Session2,16000,2.775,44400,0.03897121,1.0
torgo_data/dysarthria_male/M03_Session2_0217.wav,M03,dysarthria,male,Session2,16000,2.79,44640,0.031180443,0.9489136
torgo_data/dysarthria_male/M05_Session2_0260.wav,M05,dysarthria,male,Session2,16000,11.6000625,185601,0.032928493,0.34161377
torgo_data/dysarthria_male/M02_Session1_0051.wav,M02,dysarthria,male,Session1,16000,2.22725,35636,0.02247698,0.55596924
torgo_data/dysarthria_male/M05_Session2_0391.wav,M05,dysarthria,male,Session2,16000,2.925,46800,0.032966472,0.5144043
torgo_data/dysarthria_male/M05_Session2_0363.wav,M05,dysarthria,male,Session2,16000,2.605,41680,0.04413026,0.6914673
torgo_data/dysarthria_male/M05_Session1_0130.wav,M05,dysarthria,male,Session1,16000,3.105,49680,0.11989098,1.0
torgo_data/dysarthria_male/M01_Session2_3_0049.wav,M01,dysarthria,male,Session2,16000,2.06825,33092,0.049946494,0.49664307
torgo_data/dysarthria_male/M02_Session1_0066.wav,M02,dysarthria,male,Session1,16000,7.6046875,121675,0.053845253,0.5838623
torgo_data/dysarthria_male/M04_Session2_0209.wav,M04,dysarthria,male,Session2,16000,2.375,38000,0.043269586,1.0
torgo_data/dysarthria_male/M05_Session2_0158.wav,M05,dysarthria,male,Session2,16000,2.52,40320,0.023604628,0.5338745
torgo_data/dysarthria_male/M03_Session2_0077.wav,M03,dysarthria,male,Session2,16000,2.235,35760,0.038769748,0.6885681
torgo_data/dysarthria_male/M05_Session1_0059.wav,M05,dysarthria,male,Session1,16000,3.88,62080,0.13027465,1.0
torgo_data/dysarthria_male/M03_Session2_0380.wav,M03,dysarthria,male,Session2,16000,4.51,72160,0.1346591,1.0
torgo_data/dysarthria_male/M02_Session2_0173.wav,M02,dysarthria,male,Session2,16000,2.925,46800,0.08001013,0.9999695
torgo_data/dysarthria_male/M04_Session2_0245.wav,M04,dysarthria,male,Session2,16000,2.935,46960,0.026515072,0.45141602
torgo_data/dysarthria_male/M03_Session2_0278.wav,M03,dysarthria,male,Session2,16000,4.745,75920,0.09673272,1.0
torgo_data/dysarthria_male/M02_Session1_0032.wav,M02,dysarthria,male,Session1,16000,2.9696875,47515,0.016815454,0.2668457
torgo_data/dysarthria_male/M02_Session1_0184.wav,M02,dysarthria,male,Session1,16000,4.93275,78924,0.047414612,0.43545532
torgo_data/dysarthria_male/M05_Session1_0097.wav,M05,dysarthria,male,Session1,16000,3.745,59920,0.1265538,1.0
torgo_data/dysarthria_male/M02_Session1_0120.wav,M02,dysarthria,male,Session1,16000,2.3569375,37711,0.025575897,0.47262573
torgo_data/dysarthria_male/M03_Session2_0012.wav,M03,dysarthria,male,Session2,16000,3.62,57920,0.066415675,0.27093506
torgo_data/dysarthria_male/M04_Session2_0181.wav,M04,dysarthria,male,Session2,16000,3.535,56560,0.0062297047,0.021240234
torgo_data/dysarthria_male/M03_Session2_0239.wav,M03,dysarthria,male,Session2,16000,2.455,39280,0.04588457,0.94241333
torgo_data/dysarthria_male/M04_Session2_0153.wav,M04,dysarthria,male,Session2,16000,11.9750625,191601,0.06883622,1.0
torgo_data/dysarthria_male/M01_Session1_0037.wav,M01,dysarthria,male,Session1,16000,3.83,61280,0.1065471,1.0
torgo_data/dysarthria_male/M03_Session2_0078.wav,M03,dysarthria,male,Session2,16000,2.3,36800,0.0685002,1.0
torgo_data/dysarthria_male/M05_Session2_0249.wav,M05,dysarthria,male,Session2,16000,2.78,44480,0.016950836,0.6645508
torgo_data/dysarthria_male/M03_Session2_0039.wav,M03,dysarthria,male,Session2,16000,2.845,45520,0.04179456,0.6713562
torgo_data/dysarthria_male/M05_Session2_0303.wav,M05,dysarthria,male,Session2,16000,0.042875,686,0.056991775,0.31140137
torgo_data/dysarthria_male/M01_Session1_0095.wav,M01,dysarthria,male,Session1,16000,3.0650625,49041,0.09396309,1.0
torgo_data/dysarthria_male/M01_Session2_3_0281.wav,M01,dysarthria,male,Session2,16000,2.2244375,35591,0.019528508,0.28207397
torgo_data/dysarthria_male/M01_Session2_3_0255.wav,M01,dysarthria,male,Session2,16000,5.03,80480,0.048162982,0.3267517
torgo_data/dysarthria_male/M01_Session2_3_0119.wav,M01,dysarthria,male,Session2,16000,1.6196875,25915,0.046388794,0.42871094
torgo_data/dysarthria_male/M02_Session1_0031.wav,M02,dysarthria,male,Session1,16000,2.5105,40168,0.01492409,0.23828125
torgo_data/dysarthria_male/M03_Session2_0115.wav,M03,dysarthria,male,Session2,16000,4.255,68080,0.13977778,1.0
torgo_data/dysarthria_male/M01_Session2_3_0126.wav,M01,dysarthria,male,Session2,16000,1.655,26480,0.024882047,0.42303467
torgo_data/dysarthria_male/M02_Session1_0041.wav,M02,dysarthria,male,Session1,16000,1.9634375,31415,0.019839346,0.33270264
torgo_data/dysarthria_male/M03_Session2_0034.wav,M03,dysarthria,male,Session2,16000,2.905,46480,0.020518865,0.74780273
torgo_data/dysarthria_male/M01_Session1_0011.wav,M01,dysarthria,male,Session1,16000,9.46,151360,0.34530568,1.0
torgo_data/dysarthria_male/M04_Session2_0235.wav,M04,dysarthria,male,Session2,16000,3.08,49280,0.040100466,1.0
torgo_data/dysarthria_male/M01_Session2_3_0038.wav,M01,dysarthria,male,Session2,16000,1.7981875,28771,0.08072382,0.67111206
torgo_data/dysarthria_male/M04_Session2_0285.wav,M04,dysarthria,male,Session2,16000,15.32,245120,0.112188086,1.0
torgo_data/dysarthria_male/M04_Session2_0094.wav,M04,dysarthria,male,Session2,16000,2.635,42160,0.035469815,0.6950073
torgo_data/dysarthria_male/M03_Session2_0244.wav,M03,dysarthria,male,Session2,16000,6.47,103520,0.10226031,0.9785156
torgo_data/dysarthria_male/M01_Session2_3_0114.wav,M01,dysarthria,male,Session2,16000,1.6761875,26819,0.02206835,0.44644165
torgo_data/dysarthria_male/M03_Session2_0016.wav,M03,dysarthria,male,Session2,16000,2.25,36000,0.059851255,1.0
torgo_data/dysarthria_male/M01_Session2_3_0159.wav,M01,dysarthria,male,Session2,16000,12.0808125,193293,0.037455704,0.37860107
torgo_data/dysarthria_male/M02_Session1_0151.wav,M02,dysarthria,male,Session1,16000,1.729,27664,0.015945995,0.28414917
torgo_data/dysarthria_male/M02_Session1_0220.wav,M02,dysarthria,male,Session1,16000,2.20725,35316,0.016563777,0.1991272
torgo_data/dysarthria_male/M05_Session2_0017.wav,M05,dysarthria,male,Session2,16000,3.12,49920,0.048710074,0.6638794
torgo_data/dysarthria_male/M05_Session2_0302.wav,M05,dysarthria,male,Session2,16000,2.606625,41706,0.1393292,0.5505676
torgo_data/dysarthria_male/M05_Session2_0379.wav,M05,dysarthria,male,Session2,16000,2.475,39600,0.023526954,0.5431824
torgo_data/dysarthria_male/M05_Session2_0112.wav,M05,dysarthria,male,Session2,16000,3.35,53600,0.046044376,0.9156189
torgo_data/dysarthria_male/M05_Session2_0016.wav,M05,dysarthria,male,Session2,16000,2.36,37760,0.05662148,0.69696045
torgo_data/dysarthria_male/M01_Session2_3_0199.wav,M01,dysarthria,male,Session2,16000,2.1709375,34735,0.056761466,0.3784485
torgo_data/dysarthria_male/M02_Session1_0142.wav,M02,dysarthria,male,Session1,16000,2.665625,42650,0.015490868,0.35162354
torgo_data/dysarthria_male/M05_Session2_0159.wav,M05,dysarthria,male,Session2,16000,3.655,58480,0.033046365,0.8511658
torgo_data/dysarthria_male/M02_Session2_0091.wav,M02,dysarthria,male,Session2,16000,3.44,55040,0.064420946,1.0
torgo_data/dysarthria_male/M03_Session2_0110.wav,M03,dysarthria,male,Session2,16000,2.73,43680,0.042511404,1.0
torgo_data/dysarthria_male/M03_Session2_0369.wav,M03,dysarthria,male,Session2,16000,2.625,42000,0.042302057,0.75271606
torgo_data/dysarthria_male/M03_Session2_0401.wav,M03,dysarthria,male,Session2,16000,2.47,39520,0.033074148,0.85546875
torgo_data/dysarthria_male/M05_Session1_0103.wav,M05,dysarthria,male,Session1,16000,3.4850625,55761,0.15694936,1.0
torgo_data/dysarthria_male/M05_Session2_0356.wav,M05,dysarthria,male,Session2,16000,0.008375,134,0.0194393,0.31167603
torgo_data/dysarthria_male/M02_Session2_0200.wav,M02,dysarthria,male,Session2,16000,6.2250625,99601,0.23332994,1.0
torgo_data/dysarthria_male/M05_Session2_0066.wav,M05,dysarthria,male,Session2,16000,10.005,160080,0.028727071,0.42184448
torgo_data/dysarthria_male/M04_Session2_0279.wav,M04,dysarthria,male,Session2,16000,2.485,39760,0.12918003,1.0
torgo_data/dysarthria_male/M01_Session1_0099.wav,M01,dysarthria,male,Session1,16000,3.195,51120,0.07594201,1.0
torgo_data/dysarthria_male/M04_Session2_0229.wav,M04,dysarthria,male,Session2,16000,2.64,42240,0.04523455,0.96780396
torgo_data/dysarthria_male/M05_Session2_0181.wav,M05,dysarthria,male,Session2,16000,2.495,39920,0.025072457,0.3539734
torgo_data/dysarthria_male/M05_Session2_0382.wav,M05,dysarthria,male,Session2,16000,7.99,127840,0.074873574,1.0
torgo_data/dysarthria_male/M05_Session2_0283.wav,M05,dysarthria,male,Session2,16000,2.905,46480,0.012548991,0.38806152
torgo_data/dysarthria_male/M01_Session2_3_0252.wav,M01,dysarthria,male,Session2,16000,1.704875,27278,0.031156208,0.3171692
torgo_data/dysarthria_male/M02_Session2_0226.wav,M02,dysarthria,male,Session2,16000,2.85,45600,0.07181743,1.0
torgo_data/dysarthria_male/M04_Session2_0178.wav,M04,dysarthria,male,Session2,16000,3.9800625,63681,0.028679505,0.6999817
torgo_data/dysarthria_male/M02_Session1_0231.wav,M02,dysarthria,male,Session1,16000,2.118875,33902,0.031826753,0.55444336
torgo_data/dysarthria_male/M05_Session1_0093.wav,M05,dysarthria,male,Session1,16000,2.435,38960,0.29315156,1.0
torgo_data/dysarthria_male/M02_Session1_0079.wav,M02,dysarthria,male,Session1,16000,2.3740625,37985,0.017949019,0.41018677
torgo_data/dysarthria_male/M02_Session1_0101.wav,M02,dysarthria,male,Session1,16000,2.02025,32324,0.022988856,0.31430054
torgo_data/dysarthria_male/M04_Session2_0187.wav,M04,dysarthria,male,Session2,16000,7.86,125760,0.087388806,0.96920776
torgo_data/dysarthria_male/M05_Session2_0075.wav,M05,dysarthria,male,Session2,16000,3.275,52400,0.029931622,0.4875183
torgo_data/dysarthria_male/M05_Session2_0291.wav,M05,dysarthria,male,Session2,16000,10.64,170240,0.039206553,0.5843506
torgo_data/dysarthria_male/M03_Session2_0288.wav,M03,dysarthria,male,Session2,16000,2.325,37200,0.01821241,0.695282
torgo_data/dysarthria_male/M04_Session2_0148.wav,M04,dysarthria,male,Session2,16000,3.22,51520,0.04384088,1.0
torgo_data/dysarthria_male/M05_Session2_0041.wav,M05,dysarthria,male,Session2,16000,3.39,54240,0.015859548,0.27041626
torgo_data/dysarthria_male/M01_Session2_3_0201.wav,M01,dysarthria,male,Session2,16000,1.6649375,26639,0.032736897,0.3574524
torgo_data/dysarthria_male/M05_Session2_0170.wav,M05,dysarthria,male,Session2,16000,9.965,159440,0.029857239,0.71661377
torgo_data/dysarthria_male/M04_Session2_0024.wav,M04,dysarthria,male,Session2,16000,17.37,277920,0.09874724,1.0
torgo_data/dysarthria_male/M03_Session2_0374.wav,M03,dysarthria,male,Session2,16000,3.89,62240,0.15255432,1.0
torgo_data/dysarthria_male/M04_Session2_0170.wav,M04,dysarthria,male,Session2,16000,3.065,49040,0.05531703,1.0
torgo_data/dysarthria_male/M02_Session2_0178.wav,M02,dysarthria,male,Session2,16000,6.88,110080,0.21503237,1.0
torgo_data/dysarthria_male/M05_Session2_0278.wav,M05,dysarthria,male,Session2,16000,3.645,58320,0.028462444,0.4567566
torgo_data/dysarthria_male/M04_Session2_0165.wav,M04,dysarthria,male,Session2,16000,3.8,60800,0.054900117,1.0
torgo_data/dysarthria_male/M01_Session2_3_0101.wav,M01,dysarthria,male,Session2,16000,1.826875,29230,0.026469143,0.41586304
torgo_data/dysarthria_male/M03_Session2_0234.wav,M03,dysarthria,male,Session2,16000,2.02,32320,0.052668344,1.0
torgo_data/dysarthria_male/M03_Session2_0009.wav,M03,dysarthria,male,Session2,16000,2.235,35760,0.032789364,1.0
torgo_data/dysarthria_male/M01_Session2_3_0030.wav,M01,dysarthria,male,Session2,16000,1.961625,31386,0.057912443,0.53811646
torgo_data/dysarthria_male/M01_Session2_3_0232.wav,M01,dysarthria,male,Session2,16000,8.10325,129652,0.05197591,0.35873413
torgo_data/dysarthria_male/M03_Session2_0382.wav,M03,dysarthria,male,Session2,16000,2.28,36480,0.040894344,0.771698
torgo_data/dysarthria_male/M02_Session1_0197.wav,M02,dysarthria,male,Session1,16000,7.2719375,116351,0.04713094,0.5786133
torgo_data/dysarthria_male/M01_Session2_3_0191.wav,M01,dysarthria,male,Session2,16000,12.8950625,206321,0.045376144,0.6183777
torgo_data/dysarthria_male/M05_Session2_0214.wav,M05,dysarthria,male,Session2,16000,2.63,42080,0.023187783,0.4508667
torgo_data/dysarthria_male/M01_Session2_3_0100.wav,M01,dysarthria,male,Session2,16000,1.713875,27422,0.029005516,0.33276367
torgo_data/dysarthria_male/M05_Session1_0111.wav,M05,dysarthria,male,Session1,16000,3.97,63520,0.1064857,1.0
torgo_data/dysarthria_male/M03_Session2_0190.wav,M03,dysarthria,male,Session2,16000,2.52,40320,0.043431338,0.8279724
torgo_data/dysarthria_male/M01_Session2_3_0055.wav,M01,dysarthria,male,Session2,16000,1.8944375,30311,0.03670548,0.6560669
torgo_data/dysarthria_male/M01_Session1_0064.wav,M01,dysarthria,male,Session1,16000,4.095,65520,0.14562377,1.0
torgo_data/dysarthria_male/M02_Session1_0089.wav,M02,dysarthria,male,Session1,16000,2.7021875,43235,0.02404009,0.42645264
torgo_data/dysarthria_male/M05_Session2_0208.wav,M05,dysarthria,male,Session2,16000,3.045,48720,0.020911342,0.43792725
torgo_data/dysarthria_male/M05_Session2_0018.wav,M05,dysarthria,male,Session2,16000,3.71,59360,0.040362246,0.6956787
torgo_data/dysarthria_male/M05_Session2_0185.wav,M05,dysarthria,male,Session2,16000,2.83,45280,0.024069464,0.49716187
torgo_data/dysarthria_male/M01_Session1_0031.wav,M01,dysarthria,male,Session1,16000,2.84,45440,0.13951069,1.0
torgo_data/dysarthria_male/M02_Session2_0100.wav,M02,dysarthria,male,Session2,16000,3.07,49120,0.06644976,1.0
torgo_data/dysarthria_male/M03_Session2_0289.wav,M03,dysarthria,male,Session2,16000,2.33,37280,0.04191179,0.8327942
torgo_data/dysarthria_male/M01_Session1_0100.wav,M01,dysarthria,male,Session1,16000,2.885,46160,0.118765004,1.0
torgo_data/dysarthria_male/M05_Session1_0128.wav,M05,dysarthria,male,Session1,16000,2.52,40320,0.15676507,1.0
torgo_data/dysarthria_male/M04_Session2_0186.wav,M04,dysarthria,male,Session2,16000,5.565,89040,0.06535634,0.9999695
torgo_data/dysarthria_male/M04_Session2_0195.wav,M04,dysarthria,male,Session2,16000,2.76,44160,0.043959044,1.0
torgo_data/dysarthria_male/M02_Session2_0183.wav,M02,dysarthria,male,Session2,16000,2.715,43440,0.07338613,1.0
torgo_data/dysarthria_male/M03_Session2_0296.wav,M03,dysarthria,male,Session2,16000,2.48,39680,0.037921574,1.0
torgo_data/dysarthria_male/M02_Session1_0143.wav,M02,dysarthria,male,Session1,16000,2.5253125,40405,0.025768436,0.28411865
torgo_data/dysarthria_male/M01_Session2_3_0027.wav,M01,dysarthria,male,Session2,16000,1.564625,25034,0.03470197,0.30929565
torgo_data/dysarthria_male/M03_Session2_0412.wav,M03,dysarthria,male,Session2,16000,2.075,33200,0.055273827,0.69607544
torgo_data/dysarthria_male/M05_Session2_0001.wav,M05,dysarthria,male,Session2,16000,10.755,172080,0.054723796,0.7406311
torgo_data/dysarthria_male/M02_Session1_0003.wav,M02,dysarthria,male,Session1,16000,11.15825,178532,0.028452476,0.5623169
torgo_data/dysarthria_male/M02_Session2_0205.wav,M02,dysarthria,male,Session2,16000,2.985,47760,0.049831193,0.9999695
torgo_data/dysarthria_male/M05_Session2_0220.wav,M05,dysarthria,male,Session2,16000,3.245,51920,0.020008389,0.4967041
torgo_data/dysarthria_male/M03_Session2_0023.wav,M03,dysarthria,male,Session2,16000,2.04,32640,0.06903588,0.99887085
torgo_data/dysarthria_male/M02_Session2_0093.wav,M02,dysarthria,male,Session2,16000,6.4450625,103121,0.17301571,1.0
torgo_data/dysarthria_male/M02_Session2_0202.wav,M02,dysarthria,male,Session2,16000,15.915,254640,0.21907948,1.0
torgo_data/dysarthria_male/M05_Session2_0068.wav,M05,dysarthria,male,Session2,16000,9.5,152000,0.03971978,0.74139404
torgo_data/dysarthria_male/M03_Session2_0326.wav,M03,dysarthria,male,Session2,16000,2.555,40880,0.061822236,1.0
torgo_data/dysarthria_male/M01_Session2_3_0102.wav,M01,dysarthria,male,Session2,16000,1.4313125,22901,0.04314146,0.42593384
torgo_data/dysarthria_male/M05_Session1_0076.wav,M05,dysarthria,male,Session1,16000,2.9100625,46561,0.15646636,1.0
torgo_data/dysarthria_male/M01_Session2_3_0032.wav,M01,dysarthria,male,Session2,16000,1.4011875,22419,0.07526281,0.96640015
torgo_data/dysarthria_male/M04_Session2_0250.wav,M04,dysarthria,male,Session2,16000,2.615,41840,0.045973476,0.9999695
torgo_data/dysarthria_male/M04_Session2_0083.wav,M04,dysarthria,male,Session2,16000,14.5250625,232401,0.06004157,1.0
torgo_data/dysarthria_male/M02_Session1_0053.wav,M02,dysarthria,male,Session1,16000,3.66325,58612,0.015873848,0.44815063
torgo_data/dysarthria_male/M02_Session2_0148.wav,M02,dysarthria,male,Session2,16000,1.835,29360,0.1385714,1.0
torgo_data/dysarthria_male/M01_Session2_3_0112.wav,M01,dysarthria,male,Session2,16000,1.939875,31038,0.041906852,0.3668518
torgo_data/dysarthria_male/M01_Session2_3_0014.wav,M01,dysarthria,male,Session2,16000,1.832875,29326,0.033568673,0.6213074
torgo_data/dysarthria_male/M02_Session1_0020.wav,M02,dysarthria,male,Session1,16000,7.9906875,127851,0.048198074,0.5798645
torgo_data/dysarthria_male/M05_Session2_0166.wav,M05,dysarthria,male,Session2,16000,5.27,84320,0.021294478,0.7303467
torgo_data/dysarthria_male/M04_Session2_0172.wav,M04,dysarthria,male,Session2,16000,12.62,201920,0.0764158,1.0
torgo_data/dysarthria_male/M02_Session1_0052.wav,M02,dysarthria,male,Session1,16000,6.3885625,102217,0.04123587,0.45892334
torgo_data/dysarthria_male/M01_Session2_3_0054.wav,M01,dysarthria,male,Session2,16000,1.9639375,31423,0.043458298,0.57724
torgo_data/dysarthria_male/M03_Session2_0321.wav,M03,dysarthria,male,Session2,16000,2.315,37040,0.039336514,0.99972534
torgo_data/dysarthria_male/M03_Session2_0227.wav,M03,dysarthria,male,Session2,16000,2.185,34960,0.049204744,1.0
torgo_data/dysarthria_male/M01_Session2_3_0211.wav,M01,dysarthria,male,Session2,16000,1.6485625,26377,0.024095263,0.1975708
torgo_data/dysarthria_male/M05_Session2_0184.wav,M05,dysarthria,male,Session2,16000,3.595,57520,0.017791739,0.29415894
torgo_data/dysarthria_male/M04_Session2_0154.wav,M04,dysarthria,male,Session2,16000,5.915,94640,0.06691431,1.0
torgo_data/dysarthria_male/M03_Session2_0241.wav,M03,dysarthria,male,Session2,16000,4.205,67280,0.08704307,0.7126465
torgo_data/dysarthria_male/M03_Session2_0352.wav,M03,dysarthria,male,Session2,16000,2.515,40240,0.028712593,0.70077515
torgo_data/dysarthria_male/M05_Session2_0119.wav,M05,dysarthria,male,Session2,16000,2.05,32800,0.024201617,0.22155762
torgo_data/dysarthria_male/M05_Session2_0032.wav,M05,dysarthria,male,Session2,16000,2.89,46240,0.04066692,0.49197388
torgo_data/dysarthria_male/M05_Session1_0127.wav,M05,dysarthria,male,Session1,16000,2.62,41920,0.20490019,1.0
torgo_data/dysarthria_male/M05_Session2_0176.wav,M05,dysarthria,male,Session2,16000,11.805,188880,0.04662252,0.66238403
torgo_data/dysarthria_male/M01_Session1_0038.wav,M01,dysarthria,male,Session1,16000,4.715,75440,0.10795158,1.0
torgo_data/dysarthria_male/M05_Session1_0112.wav,M05,dysarthria,male,Session1,16000,2.855,45680,0.12731686,1.0
torgo_data/dysarthria_male/M04_Session2_0037.wav,M04,dysarthria,male,Session2,16000,2.745,43920,0.033433866,1.0
torgo_data/dysarthria_male/M03_Session2_0018.wav,M03,dysarthria,male,Session2,16000,6.645,106320,0.17037143,1.0
torgo_data/dysarthria_male/M05_Session2_0015.wav,M05,dysarthria,male,Session2,16000,8.7400625,139841,0.04687952,0.6311035
torgo_data/dysarthria_male/M03_Session2_0390.wav,M03,dysarthria,male,Session2,16000,2.375,38000,0.027663091,0.90734863
torgo_data/dysarthria_male/M05_Session1_0096.wav,M05,dysarthria,male,Session1,16000,2.73,43680,0.20028767,1.0
torgo_data/dysarthria_male/M01_Session2_3_0274.wav,M01,dysarthria,male,Session2,16000,1.9405,31048,0.04356585,0.45446777
torgo_data/dysarthria_male/M04_Session2_0206.wav,M04,dysarthria,male,Session2,16000,6.165,98640,0.09636616,1.0
torgo_data/dysarthria_male/M05_Session2_0360.wav,M05,dysarthria,male,Session2,16000,0.0096875,155,0.027509289,0.31726074
torgo_data/dysarthria_male/M02_Session2_0083.wav,M02,dysarthria,male,Session2,16000,1.87,29920,0.11257559,1.0
torgo_data/dysarthria_male/M01_Session2_3_0257.wav,M01,dysarthria,male,Session2,16000,1.599,25584,0.016971068,0.33822632
torgo_data/dysarthria_male/M05_Session1_0095.wav,M05,dysarthria,male,Session1,16000,3.735,59760,0.090409175,1.0
torgo_data/dysarthria_male/M04_Session2_0147.wav,M04,dysarthria,male,Session2,16000,12.0750625,193201,0.08024625,1.0
torgo_data/dysarthria_male/M01_Session2_3_0238.wav,M01,dysarthria,male,Session2,16000,1.7473125,27957,0.02251959,0.31362915
torgo_data/dysarthria_male/M05_Session2_0197.wav,M05,dysarthria,male,Session2,16000,7.585,121360,0.04631178,0.5814209
torgo_data/dysarthria_male/M01_Session2_3_0124.wav,M01,dysarthria,male,Session2,16000,1.655,26480,0.037163373,0.28778076
torgo_data/dysarthria_male/M02_Session2_0229.wav,M02,dysarthria,male,Session2,16000,3.575,57200,0.07434455,1.0
torgo_data/dysarthria_male/M01_Session1_0076.wav,M01,dysarthria,male,Session1,16000,2.9900625,47841,0.17393512,1.0
torgo_data/dysarthria_male/M05_Session2_0131.wav,M05,dysarthria,male,Session2,16000,9.54,152640,0.048045486,0.7842407
torgo_data/dysarthria_male/M04_Session2_0168.wav,M04,dysarthria,male,Session2,16000,11.685,186960,0.096341856,1.0
torgo_data/dysarthria_male/M05_Session1_0120.wav,M05,dysarthria,male,Session1,16000,1.35,21600,0.08720238,1.0
torgo_data/dysarthria_male/M02_Session1_0224.wav,M02,dysarthria,male,Session1,16000,2.0526875,32843,0.02472175,0.43328857
torgo_data/dysarthria_male/M02_Session1_0126.wav,M02,dysarthria,male,Session1,16000,5.1068125,81709,0.0461109,0.56365967
torgo_data/dysarthria_male/M05_Session2_0116.wav,M05,dysarthria,male,Session2,16000,3.3750625,54001,0.050179005,0.8904114
torgo_data/dysarthria_male/M01_Session1_0062.wav,M01,dysarthria,male,Session1,16000,3.45,55200,0.14574867,1.0
torgo_data/dysarthria_male/M02_Session1_0069.wav,M02,dysarthria,male,Session1,16000,2.83725,45396,0.018527376,0.34796143
torgo_data/dysarthria_male/M01_Session2_3_0233.wav,M01,dysarthria,male,Session2,16000,1.442375,23078,0.05323136,0.63967896
torgo_data/dysarthria_male/M04_Session2_0064.wav,M04,dysarthria,male,Session2,16000,5.25,84000,0.08011049,1.0
torgo_data/dysarthria_male/M05_Session1_0039.wav,M05,dysarthria,male,Session1,16000,2.295,36720,0.08017053,1.0
torgo_data/dysarthria_male/M02_Session1_0161.wav,M02,dysarthria,male,Session1,16000,1.9578125,31325,0.016938651,0.2677002
torgo_data/dysarthria_male/M01_Session2_3_0106.wav,M01,dysarthria,male,Session2,16000,1.7515,28024,0.03754289,0.3840332
torgo_data/dysarthria_male/M02_Session1_0029.wav,M02,dysarthria,male,Session1,16000,2.0904375,33447,0.020119438,0.25003052
torgo_data/dysarthria_male/M04_Session2_0067.wav,M04,dysarthria,male,Session2,16000,2.48,39680,0.026880482,0.6833801
torgo_data/dysarthria_male/M05_Session2_0259.wav,M05,dysarthria,male,Session2,16000,2.48,39680,0.03117961,0.8744507
torgo_data/dysarthria_male/M03_Session2_0128.wav,M03,dysarthria,male,Session2,16000,4.995,79920,0.092102386,1.0
torgo_data/dysarthria_male/M05_Session1_0099.wav,M05,dysarthria,male,Session1,16000,3.785,60560,0.10955727,1.0
torgo_data/dysarthria_male/M02_Session1_0037.wav,M02,dysarthria,male,Session1,16000,4.347,69552,0.09626781,0.5749817
torgo_data/dysarthria_male/M04_Session2_0135.wav,M04,dysarthria,male,Session2,16000,3.14,50240,0.038396116,0.7064514
torgo_data/dysarthria_male/M05_Session1_0033.wav,M05,dysarthria,male,Session1,16000,3.7,59200,0.13710202,1.0
torgo_data/dysarthria_male/M04_Session2_0256.wav,M04,dysarthria,male,Session2,16000,4.5350625,72561,0.02642701,1.0
torgo_data/dysarthria_male/M02_Session1_0168.wav,M02,dysarthria,male,Session1,16000,12.586,201376,0.041328683,0.55249023
torgo_data/dysarthria_male/M05_Session2_0125.wav,M05,dysarthria,male,Session2,16000,3.5,56000,0.038685504,0.5678711
torgo_data/dysarthria_male/M02_Session2_0235.wav,M02,dysarthria,male,Session2,16000,8.445,135120,0.2183833,1.0
torgo_data/dysarthria_male/M03_Session2_0111.wav,M03,dysarthria,male,Session2,16000,4.185,66960,0.13565755,1.0
torgo_data/dysarthria_male/M05_Session2_0136.wav,M05,dysarthria,male,Session2,16000,2.28,36480,0.03653121,0.55944824
torgo_data/dysarthria_male/M04_Session2_0246.wav,M04,dysarthria,male,Session2,16000,10.465,167440,0.070823066,1.0
torgo_data/dysarthria_male/M04_Session2_0029.wav,M04,dysarthria,male,Session2,16000,19.5450625,312721,0.08225334,1.0
torgo_data/dysarthria_male/M01_Session1_0054.wav,M01,dysarthria,male,Session1,16000,3.095,49520,0.14190193,1.0
torgo_data/dysarthria_male/M05_Session2_0209.wav,M05,dysarthria,male,Session2,16000,1.845,29520,0.023766067,0.5900879
torgo_data/dysarthria_male/M01_Session2_3_0060.wav,M01,dysarthria,male,Session2,16000,1.8944375,30311,0.052706107,0.5383606
torgo_data/dysarthria_male/M02_Session1_0154.wav,M02,dysarthria,male,Session1,16000,7.7041875,123267,0.048922915,0.57458496
torgo_data/dysarthria_male/M03_Session2_0237.wav,M03,dysarthria,male,Session2,16000,2.39,38240,0.02874661,1.0
torgo_data/dysarthria_male/M03_Session2_0265.wav,M03,dysarthria,male,Session2,16000,2.38,38080,0.048313472,1.0
torgo_data/dysarthria_male/M05_Session2_0258.wav,M05,dysarthria,male,Session2,16000,3.32,53120,0.016651813,0.36029053
torgo_data/dysarthria_male/M01_Session2_3_0147.wav,M01,dysarthria,male,Session2,16000,1.219625,19514,0.05177988,0.49087524
torgo_data/dysarthria_male/M04_Session2_0012.wav,M04,dysarthria,male,Session2,16000,2.575,41200,0.042397033,0.9999695
torgo_data/dysarthria_male/M04_Session2_0027.wav,M04,dysarthria,male,Session2,16000,11.63,186080,0.13310388,1.0
torgo_data/dysarthria_male/M05_Session2_0352.wav,M05,dysarthria,male,Session2,16000,0.0263125,421,0.05020356,0.3189392
torgo_data/dysarthria_male/M01_Session2_3_0117.wav,M01,dysarthria,male,Session2,16000,6.81775,109084,0.06000465,0.6119385
torgo_data/dysarthria_male/M01_Session2_3_0263.wav,M01,dysarthria,male,Session2,16000,1.822125,29154,0.03749959,0.4074402
torgo_data/dysarthria_male/M04_Session2_0218.wav,M04,dysarthria,male,Session2,16000,2.41,38560,0.058163725,1.0
torgo_data/dysarthria_male/M03_Session2_0026.wav,M03,dysarthria,male,Session2,16000,2.46,39360,0.030116908,0.9999695
torgo_data/dysarthria_male/M04_Session2_0022.wav,M04,dysarthria,male,Session2,16000,2.75,44000,0.053147487,1.0
torgo_data/dysarthria_male/M05_Session2_0161.wav,M05,dysarthria,male,Session2,16000,3.3,52800,0.02299174,0.79663086
torgo_data/dysarthria_male/M01_Session2_3_0165.wav,M01,dysarthria,male,Session2,16000,15.708125,251330,0.04283671,0.64364624
torgo_data/dysarthria_male/M05_Session2_0110.wav,M05,dysarthria,male,Session2,16000,3.435,54960,0.025473299,0.47207642
torgo_data/dysarthria_male/M05_Session2_0247.wav,M05,dysarthria,male,Session2,16000,3.095,49520,0.017157387,0.86099243
torgo_data/dysarthria_male/M01_Session1_0013.wav,M01,dysarthria,male,Session1,16000,7.915,126640,0.30128866,1.0
torgo_data/dysarthria_male/M03_Session2_0232.wav,M03,dysarthria,male,Session2,16000,2.475,39600,0.03681837,1.0
torgo_data/dysarthria_male/M04_Session2_0296.wav,M04,dysarthria,male,Session2,16000,3.2,51200,0.079313025,1.0
torgo_data/dysarthria_male/M01_Session2_3_0198.wav,M01,dysarthria,male,Session2,16000,1.7465,27944,0.014747271,0.18087769
torgo_data/dysarthria_male/M02_Session2_0128.wav,M02,dysarthria,male,Session2,16000,11.5350625,184561,0.26462606,1.0
torgo_data/dysarthria_male/M02_Session2_0214.wav,M02,dysarthria,male,Session2,16000,2.78,44480,0.05792463,1.0
torgo_data/dysarthria_male/M05_Session1_0029.wav,M05,dysarthria,male,Session1,16000,2.395,38320,0.18924753,1.0
torgo_data/dysarthria_male/M02_Session1_0132.wav,M02,dysarthria,male,Session1,16000,3.0584375,48935,0.013686133,0.30578613
torgo_data/dysarthria_male/M02_Session1_0140.wav,M02,dysarthria,male,Session1,16000,2.7778125,44445,0.012694422,0.34487915
torgo_data/dysarthria_male/M01_Session1_0092.wav,M01,dysarthria,male,Session1,16000,10.195,163120,0.3910643,1.0
torgo_data/dysarthria_male/M04_Session2_0162.wav,M04,dysarthria,male,Session2,16000,2.555,40880,0.054632317,1.0
torgo_data/dysarthria_male/M01_Session1_0096.wav,M01,dysarthria,male,Session1,16000,2.45,39200,0.10149658,1.0
torgo_data/dysarthria_male/M05_Session2_0189.wav,M05,dysarthria,male,Session2,16000,13.335,213360,0.05019561,0.7135315
torgo_data/dysarthria_male/M02_Session1_0064.wav,M02,dysarthria,male,Session1,16000,2.64425,42308,0.013491503,0.32373047
torgo_data/dysarthria_male/M04_Session2_0291.wav,M04,dysarthria,male,Session2,16000,17.4100625,278561,0.10235813,1.0
torgo_data/dysarthria_male/M04_Session2_0138.wav,M04,dysarthria,male,Session2,16000,2.485,39760,0.035155118,1.0
torgo_data/dysarthria_male/M02_Session1_0167.wav,M02,dysarthria,male,Session1,16000,2.4663125,39461,0.020492671,0.40078735
torgo_data/dysarthria_male/M02_Session1_0078.wav,M02,dysarthria,male,Session1,16000,2.219625,35514,0.019787634,0.323761
torgo_data/dysarthria_male/M01_Session2_3_0080.wav,M01,dysarthria,male,Session2,16000,1.5639375,25023,0.0826414,0.9059448
torgo_data/dysarthria_male/M01_Session2_3_0033.wav,M01,dysarthria,male,Session2,16000,5.9549375,95279,0.11914157,1.0
torgo_data/dysarthria_male/M03_Session2_0074.wav,M03,dysarthria,male,Session2,16000,3.755,60080,0.14104365,1.0
torgo_data/dysarthria_male/M02_Session2_0086.wav,M02,dysarthria,male,Session2,16000,6.58,105280,0.2030697,1.0
torgo_data/dysarthria_male/M02_Session1_0130.wav,M02,dysarthria,male,Session1,16000,6.28525,100564,0.056455452,0.5786438
torgo_data/dysarthria_male/M05_Session1_0058.wav,M05,dysarthria,male,Session1,16000,3.82,61120,0.18569307,1.0
torgo_data/dysarthria_male/M03_Session2_0322.wav,M03,dysarthria,male,Session2,16000,2.51,40160,0.06406601,1.0
torgo_data/dysarthria_male/M05_Session2_0269.wav,M05,dysarthria,male,Session2,16000,2.93,46880,0.014522892,0.36416626
torgo_data/dysarthria_male/M01_Session1_0048.wav,M01,dysarthria,male,Session1,16000,3.7500625,60001,0.12209366,1.0
torgo_data/dysarthria_male/M01_Session1_0040.wav,M01,dysarthria,male,Session1,16000,7.605,121680,0.2164101,1.0
torgo_data/dysarthria_male/M02_Session2_0177.wav,M02,dysarthria,male,Session2,16000,3.27,52320,0.1109288,1.0
torgo_data/dysarthria_male/M02_Session2_0174.wav,M02,dysarthria,male,Session2,16000,2.52,40320,0.084167495,1.0
torgo_data/dysarthria_male/M03_Session2_0275.wav,M03,dysarthria,male,Session2,16000,6.435,102960,0.10771689,1.0
torgo_data/dysarthria_male/M03_Session2_0403.wav,M03,dysarthria,male,Session2,16000,2.34,37440,0.038040522,0.64120483
torgo_data/dysarthria_male/M04_Session2_0077.wav,M04,dysarthria,male,Session2,16000,11.88,190080,0.07623662,1.0
torgo_data/dysarthria_male/M05_Session2_0092.wav,M05,dysarthria,male,Session2,16000,3.245,51920,0.030563924,0.46591187
torgo_data/dysarthria_male/M05_Session2_0021.wav,M05,dysarthria,male,Session2,16000,2.545,40720,0.017410848,0.29000854
torgo_data/dysarthria_male/M01_Session2_3_0091.wav,M01,dysarthria,male,Session2,16000,1.8399375,29439,0.05174709,0.49856567
torgo_data/dysarthria_male/M02_Session1_0150.wav,M02,dysarthria,male,Session1,16000,7.46375,119420,0.09819614,0.58166504
torgo_data/dysarthria_male/M02_Session2_0101.wav,M02,dysarthria,male,Session2,16000,3.47,55520,0.10316991,1.0
torgo_data/dysarthria_male/M04_Session2_0242.wav,M04,dysarthria,male,Session2,16000,9.22,147520,0.07917732,1.0
torgo_data/dysarthria_male/M05_Session2_0322.wav,M05,dysarthria,male,Session2,16000,3.745,59920,0.020268433,0.53518677
torgo_data/dysarthria_male/M02_Session2_0171.wav,M02,dysarthria,male,Session2,16000,3.355,53680,0.070513025,1.0
torgo_data/dysarthria_male/M02_Session1_0044.wav,M02,dysarthria,male,Session1,16000,10.1201875,161923,0.043179583,0.5802307
torgo_data/dysarthria_male/M02_Session2_0222.wav,M02,dysarthria,male,Session2,16000,8.0700625,129121,0.17643194,1.0
torgo_data/dysarthria_male/M01_Session2_3_0194.wav,M01,dysarthria,male,Session2,16000,2.0240625,32385,0.027364496,0.34976196
torgo_data/dysarthria_male/M02_Session2_0149.wav,M02,dysarthria,male,Session2,16000,4.575,73200,0.10176487,1.0
torgo_data/dysarthria_male/M02_Session1_0118.wav,M02,dysarthria,male,Session1,16000,8.137125,130194,0.058474466,0.56073
torgo_data/dysarthria_male/M01_Session1_0085.wav,M01,dysarthria,male,Session1,16000,3.19,51040,0.14390866,1.0
torgo_data/dysarthria_male/M03_Session2_0151.wav,M03,dysarthria,male,Session2,16000,4.79,76640,0.11924581,1.0
torgo_data/dysarthria_male/M01_Session2_3_0093.wav,M01,dysarthria,male,Session2,16000,1.7326875,27723,0.04130181,0.46948242
torgo_data/dysarthria_male/M05_Session1_0026.wav,M05,dysarthria,male,Session1,16000,3.165,50640,0.12409477,1.0
torgo_data/dysarthria_male/M03_Session2_0301.wav,M03,dysarthria,male,Session2,16000,3.65,58400,0.13092726,1.0
torgo_data/dysarthria_male/M03_Session2_0299.wav,M03,dysarthria,male,Session2,16000,2.57,41120,0.032816287,1.0
torgo_data/dysarthria_male/M04_Session2_0271.wav,M04,dysarthria,male,Session2,16000,2.975,47600,0.041397706,0.80722046
torgo_data/dysarthria_male/M04_Session2_0159.wav,M04,dysarthria,male,Session2,16000,3.29,52640,0.025965432,0.9293213
torgo_data/dysarthria_male/M02_Session2_0124.wav,M02,dysarthria,male,Session2,16000,2.55,40800,0.20506088,1.0
torgo_data/dysarthria_male/M02_Session2_0170.wav,M02,dysarthria,male,Session2,16000,3.0,48000,0.087992415,1.0
torgo_data/dysarthria_male/M05_Session1_0045.wav,M05,dysarthria,male,Session1,16000,6.53,104480,0.1781132,1.0
torgo_data/dysarthria_male/M02_Session1_0070.wav,M02,dysarthria,male,Session1,16000,1.8915,30264,0.017259868,0.22372437
torgo_data/dysarthria_male/M02_Session1_0144.wav,M02,dysarthria,male,Session1,16000,2.4130625,38609,0.026401414,0.52401733
torgo_data/dysarthria_male/M01_Session1_0074.wav,M01,dysarthria,male,Session1,16000,3.54,56640,0.12172151,1.0
torgo_data/dysarthria_male/M05_Session2_0387.wav,M05,dysarthria,male,Session2,16000,8.47,135520,0.040389657,0.58114624
torgo_data/dysarthria_male/M05_Session2_0233.wav,M05,dysarthria,male,Session2,16000,2.41,38560,0.025189523,0.3657837
torgo_data/dysarthria_male/M04_Session2_0008.wav,M04,dysarthria,male,Session2,16000,3.045,48720,0.022186592,0.7243347
torgo_data/dysarthria_male/M03_Session2_0384.wav,M03,dysarthria,male,Session2,16000,2.8,44800,0.04774822,1.0
torgo_data/dysarthria_male/M05_Session2_0186.wav,M05,dysarthria,male,Session2,16000,18.19,291040,0.055086754,0.81762695
torgo_data/dysarthria_male/M04_Session2_0073.wav,M04,dysarthria,male,Session2,16000,2.78,44480,0.06687124,1.0
torgo_data/dysarthria_male/M02_Session1_0038.wav,M02,dysarthria,male,Session1,16000,2.0123125,32197,0.016453361,0.26843262
torgo_data/dysarthria_male/M02_Session1_0171.wav,M02,dysarthria,male,Session1,16000,2.4663125,39461,0.02142683,0.33544922
torgo_data/dysarthria_male/M02_Session1_0087.wav,M02,dysarthria,male,Session1,16000,2.64425,42308,0.01772002,0.33328247
torgo_data/dysarthria_male/M05_Session2_0045.wav,M05,dysarthria,male,Session2,16000,3.205,51280,0.031846173,0.5967102
torgo_data/dysarthria_male/M04_Session2_0231.wav,M04,dysarthria,male,Session2,16000,8.3400625,133441,0.074082986,1.0
torgo_data/dysarthria_male/M04_Session2_0116.wav,M04,dysarthria,male,Session2,16000,2.845,45520,0.06723211,1.0
torgo_data/dysarthria_male/M04_Session2_0118.wav,M04,dysarthria,male,Session2,16000,4.705,75280,0.12989302,1.0
torgo_data/dysarthria_male/M04_Session2_0058.wav,M04,dysarthria,male,Session2,16000,2.885,46160,0.054371923,1.0
torgo_data/dysarthria_male/M02_Session1_0075.wav,M02,dysarthria,male,Session1,16000,2.200375,35206,0.018518155,0.3541565
torgo_data/dysarthria_male/M04_Session2_0088.wav,M04,dysarthria,male,Session2,16000,6.765,108240,0.2849385,1.0
torgo_data/dysarthria_male/M02_Session1_0152.wav,M02,dysarthria,male,Session1,16000,7.2465,115944,0.067786,0.58221436
torgo_data/dysarthria_male/M05_Session2_0371.wav,M05,dysarthria,male,Session2,16000,2.135,34160,0.04593665,0.694397
torgo_data/dysarthria_male/M05_Session2_0329.wav,M05,dysarthria,male,Session2,16000,2.507,40112,0.076121286,0.64508057
torgo_data/dysarthria_male/M02_Session2_0077.wav,M02,dysarthria,male,Session2,16000,1.8700625,29921,0.11451764,1.0
torgo_data/dysarthria_male/M04_Session2_0084.wav,M04,dysarthria,male,Session2,16000,3.06,48960,0.037634123,1.0
torgo_data/dysarthria_male/M02_Session1_0002.wav,M02,dysarthria,male,Session1,16000,6.5324375,104519,0.00088952016,0.013031006
torgo_data/dysarthria_male/M04_Session2_0032.wav,M04,dysarthria,male,Session2,16000,10.34,165440,0.09299728,1.0
torgo_data/dysarthria_male/M04_Session2_0232.wav,M04,dysarthria,male,Session2,16000,3.22,51520,0.038043838,1.0
torgo_data/dysarthria_male/M02_Session1_0182.wav,M02,dysarthria,male,Session1,16000,2.5935,41496,0.033848114,0.36627197
torgo_data/dysarthria_male/M03_Session2_0093.wav,M03,dysarthria,male,Session2,16000,2.145,34320,0.05584761,0.84490967
torgo_data/dysarthria_male/M01_Session2_3_0168.wav,M01,dysarthria,male,Session2,16000,1.545625,24730,0.038239297,0.4680481
torgo_data/dysarthria_male/M05_Session2_0130.wav,M05,dysarthria,male,Session2,16000,8.64,138240,0.03683319,0.5885315
torgo_data/dysarthria_male/M05_Session2_0103.wav,M05,dysarthria,male,Session2,16000,3.805,60880,0.03018559,0.6374817
torgo_data/dysarthria_male/M05_Session2_0049.wav,M05,dysarthria,male,Session2,16000,8.885,142160,0.027124539,0.48565674
torgo_data/dysarthria_male/M04_Session2_0278.wav,M04,dysarthria,male,Session2,16000,3.475,55600,0.06582199,1.0
torgo_data/dysarthria_male/M01_Session1_0018.wav,M01,dysarthria,male,Session1,16000,9.0850625,145361,0.290886,1.0
torgo_data/dysarthria_male/M03_Session2_0266.wav,M03,dysarthria,male,Session2,16000,2.04,32640,0.039228223,0.4492798
torgo_data/dysarthria_male/M03_Session2_0316.wav,M03,dysarthria,male,Session2,16000,2.1350625,34161,0.037670676,0.7130432
torgo_data/dysarthria_male/M02_Session1_0061.wav,M02,dysarthria,male,Session1,16000,3.242625,51882,0.00731613,0.1949768
torgo_data/dysarthria_male/M05_Session1_0036.wav,M05,dysarthria,male,Session1,16000,3.34,53440,0.13953835,1.0
torgo_data/dysarthria_male/M03_Session2_0144.wav,M03,dysarthria,male,Session2,16000,4.115,65840,0.08501038,1.0
torgo_data/dysarthria_male/M02_Session1_0005.wav,M02,dysarthria,male,Session1,16000,4.43825,71012,0.049453698,0.5292053
torgo_data/dysarthria_male/M03_Session2_0040.wav,M03,dysarthria,male,Session2,16000,2.685,42960,0.044839796,0.89837646
torgo_data/dysarthria_male/M03_Session2_0260.wav,M03,dysarthria,male,Session2,16000,3.8,60800,0.077395245,0.8457947
torgo_data/dysarthria_male/M03_Session2_0145.wav,M03,dysarthria,male,Session2,16000,2.7,43200,0.024687042,0.534729
